epoch,train_loss,validation_dice,validation_iou,encoder_lr,decoder_lr,elapsed_seconds,is_best,fg_mscb_alpha1_mean,fg_mscb_alpha1_std,fg_mscb_alpha3_mean,fg_mscb_alpha3_std,fg_mscb_alpha5_mean,fg_mscb_alpha5_std
1,1.2497689980885078,0.23839900961944036,0.13557307847908565,8.4e-06,8.399999999999998e-05,37.057656049728394,True,1.000205474516441,0.0001799425900290498,0.9995579542784855,0.00022040605946250234,1.0002365818105894,0.0001578947415766382
2,0.8899113447939764,0.25400704996926443,0.14577223999159677,1.3799999999999998e-05,0.00013799999999999997,63.02203440666199,True,1.0009598719662633,0.0002095230123602511,0.9985909258497172,0.0005253011275443249,1.00044920954211,0.00044412347401966504
3,0.8085465382357113,0.3077035929475512,0.18229017513138907,1.9199999999999996e-05,0.00019199999999999995,88.73648619651794,True,1.0011868021817043,0.0006089159022321374,0.9957125519472977,0.0017752223359229716,1.0031006568053673,0.0021199942016502282
4,0.7455916776031745,0.3798093923500606,0.23513385014874594,2.4599999999999995e-05,0.00024599999999999996,114.56544542312622,True,0.9909821363564195,0.008540208656496831,0.9689834786694626,0.0274898107525034,1.0400343805345995,0.03489398331260597
5,0.5620661206909867,0.43223163911274504,0.2768064907618931,2.9999999999999997e-05,0.0003,140.41991519927979,True,1.0317461818662184,0.03414022113663127,0.9332161437642985,0.032382999459398994,1.0350376714098042,0.024438606570000188
6,0.4598427683603568,0.36967713492257254,0.2282910943031311,2.999811826208493e-05,0.0002999805986332205,166.2098138332367,False,1.2882355858539714,0.18870713595143754,0.8273045554448818,0.09416507226541349,0.8844598604481796,0.09540125556026423
7,0.4316339693108543,0.2947561251265662,0.1739989263670785,2.9992473536744915e-05,0.00029992239956850794,191.25838470458984,False,1.3645277828183668,0.21394357478290504,0.7985454441966682,0.10338207600792756,0.8369267709296325,0.11087857456952771
8,0.3952824903316185,0.49037170835903715,0.3257502998624529,2.9983067289068734e-05,0.0002998254179114328,216.26294231414795,True,1.1879045047431156,0.13573396203561203,0.88154628153505,0.06421174274756414,0.9305492149961406,0.07329192694801893
9,0.3661065981036327,0.672428582395826,0.5074247717857361,2.9969901960448513e-05,0.00029968967883358983,242.33347702026367,True,1.1454532636856212,0.11979408568118612,0.8737002430085478,0.0726395829034986,0.9808464973753896,0.04883143059035601
10,0.34789383899970133,0.7637641940798078,0.6185674326760429,2.9952980967946045e-05,0.0002995152175660644,267.9251708984375,True,1.0980263846496057,0.0920892495662447,0.8829910689386828,0.05902542453225422,1.0189825436164592,0.035911374171983756
11,0.33881320205868265,0.8073228682790484,0.6775620153972081,2.9932308703405904e-05,0.00029930207939028844,293.5500087738037,True,1.007783227295711,0.10730430208649498,0.8818686941985426,0.04421715261618376,1.110348081013252,0.08756039913234606
12,0.32326396322641215,0.8267129063606262,0.7052680679730007,2.990789053231554e-05,0.0002990503196262878,319.5095555782318,True,0.8948690194097059,0.15980667456230818,0.8003131753822853,0.06702151216511407,1.3048178028649298,0.20688483075189293
13,0.31222751541215865,0.843318258013044,0.7296578543526786,2.987973279241265e-05,0.00029876000361832354,344.98848485946655,True,0.8542913379854169,0.25991409876251165,0.7100259099952105,0.1259647562876953,1.4356827517727326,0.3672086814295101
14,0.31265797356113056,0.8568365403584072,0.7500441159520831,2.9847842792040242e-05,0.00029843120671793215,370.60326409339905,True,0.7561508557714265,0.2878731155775389,0.6548030869662762,0.17039995200956448,1.5890460541022235,0.4410162124846023
15,0.29296165802439705,0.8670099718230111,0.7657201545579093,2.9812228808249737e-05,0.00029806401426436796,396.39074873924255,True,0.5820057514091505,0.290863802653282,0.5507655543602746,0.21941942610095114,1.8672286937668405,0.5073624078326677
16,0.28540320010458836,0.8754370723451886,0.7789091723305839,2.977290008465267e-05,0.0002976585215624534,421.94583654403687,True,0.671085426953846,0.32081939514494445,0.6219372289139649,0.2506951273830957,1.7069773468169673,0.5687508552283871
17,0.2838080698837999,0.88289874792099,0.7907645532063076,2.9729866829021498e-05,0.0002972148338578424,447.386278629303,True,0.5980107815692137,0.33577143417251515,0.5769311398139287,0.30240891747143805,1.825058078128716,0.6342652879432584
18,0.27696096188709385,0.8893464548247201,0.8011667898723057,2.9683140210640187e-05,0.000296733066309704,473.1602506637573,True,0.5396201642230153,0.28868860746872727,0.6311444541092577,0.4315216042815929,1.829235382568581,0.6928466977196114
19,0.26051644858766776,0.8943160176277161,0.8092814939362662,2.963273235740521e-05,0.00029621334396083305,498.59122014045715,True,0.4708200776352194,0.29978213056574,0.5154829813655595,0.3830389620829962,2.0136969355079506,0.6698720351620382
20,0.2617362041453846,0.897876671382359,0.8151154347828456,2.9578656352677758e-05,0.0002956558017051948,524.424298286438,True,0.4405355683804072,0.28982542002388934,0.4679431394089399,0.33098562877753646,2.091521293405315,0.6138112775286162
21,0.2583411958862524,0.8997987253325326,0.8183309435844421,2.952092623188796e-05,0.00029506058425291383,550.0249629020691,True,0.43837983379333184,0.29710773747059704,0.47112974952521,0.35286576000162184,2.0904904183411395,0.6405343281745377
22,0.2613301526327602,0.9020221488816398,0.8220782450267247,2.9459556978891967e-05,0.0002944278460927138,575.7167947292328,True,0.3750869972634547,0.27537692139139347,0.4311594441134868,0.38998962516692176,2.1937535600377056,0.6497475795867895
23,0.2491243801644591,0.9027985334396362,0.823398334639413,2.9394564522082912e-05,0.00029375775145182043,601.6928141117096,True,0.31100692367695015,0.24027683623348575,0.35219584078367416,0.32807709357255305,2.3367972350454536,0.5528224829486837
24,0.24042919204860438,0.9042287298611232,0.82576927116939,2.932596573025668e-05,0.0002930504742533362,629.4988796710968,True,0.3314940716326237,0.24814254227260862,0.3756557870643406,0.34473334408327655,2.292850138077448,0.5763879138149226
25,0.23719050478739817,0.9051437633378165,0.8272753017289298,2.925377840823361e-05,0.00029230619807109836,657.193922996521,True,0.32180188814033595,0.23760780086575353,0.35578054631096795,0.30003789027937217,2.3224175716910898,0.5243418851016188
26,0.2393978521472118,0.9048840829304287,0.8268266660826546,2.9178021292237275e-05,0.0002915251160820327,684.6258907318115,False,0.3124750945957956,0.24414238126079857,0.34405939482602066,0.28783112894006824,2.34346550902416,0.5258671188890001
27,0.23431832111272655,0.9049939172608512,0.827014011996133,2.9098714045031468e-05,0.00029070743101601424,711.4345760345459,False,0.3462381154989246,0.24097545036022672,0.38395752287052315,0.3178730856227631,2.2698043569472843,0.5411720217012439
28,0.23119799328632043,0.9056927817208427,0.828203056539808,2.9015877250816737e-05,0.0002898533551032486,737.8221535682678,True,0.34080068544002956,0.2376064302922494,0.37118763179743086,0.2683392476281021,2.2880116802865063,0.4974096122033483
29,0.22943333402031757,0.9069580435752869,0.8303175909178597,2.892953240988776e-05,0.00028896311001918776,764.3865599632263,True,0.3085139696576215,0.2251517245198366,0.3335358371527801,0.24747616538226513,2.357950191867763,0.46544957170425433
30,0.22570598785017357,0.9088276965277535,0.8334888730730329,2.8839701933052952e-05,0.0002880369268269944,789.7797133922577,True,0.31181846672958086,0.24514820161161754,0.3562207327097462,0.3144608241439656,2.3319607990003863,0.5483484050135584
31,0.22695304893079352,0.909146956035069,0.834034298147474,2.874640913581771e-05,0.000287075045917569,815.328351020813,True,0.2785204975542227,0.2180191609534747,0.3099157422980101,0.24895645095865712,2.411563766187635,0.45861688099506814
32,0.22557198219611996,0.9105329258101327,0.8363949826785496,2.8649678232332905e-05,0.0002860777169471567,841.1162061691284,True,0.27720474400525463,0.23298580063180704,0.32233827958493655,0.29614499983279163,2.400456976764675,0.5198346408997427
33,0.2155205336261968,0.9112492203712463,0.8375796335084098,2.854953432911007e-05,0.0002850451987725488,866.5833561420441,True,0.2878746374026904,0.2387319902097118,0.3343993703180378,0.3102833794239381,2.3777259926960386,0.5391039739725371
34,0.21617764649821108,0.9121007663863046,0.8390087144715446,2.8446003418505023e-05,0.0002839777593838968,891.9897174835205,True,0.31825077820697734,0.24886067424032526,0.3644567153519341,0.30659006662539245,2.317292506016534,0.5479561219394057
35,0.21068599502571295,0.9115151677812848,0.838097904409681,2.8339112371971534e-05,0.00028287567583515496,917.7691659927368,False,0.28023824160232147,0.2310254161333143,0.3209168435355392,0.2787403913286008,2.3988449156387097,0.5038784029219027
36,0.21662075475591128,0.9121070759637016,0.8391436679022652,2.822888893308686e-05,0.0002817392341721716,942.4293313026428,True,0.31094805196377223,0.24616742185112894,0.36719204752449075,0.3368153331940731,2.3218599025339914,0.5720654102583577
37,0.2096266934617621,0.9125080364091056,0.8397639308656965,2.8115361710350864e-05,0.0002805687293584453,968.9739816188812,True,0.2815610750528566,0.2421447254500176,0.3437098294682801,0.34339718570106964,2.374729096067363,0.5746656026280753
38,0.20713392901616018,0.9135985544749669,0.8416094183921814,2.7998560169760707e-05,0.0002793644651985675,995.6048214435577,True,0.2965631641627386,0.2325247717855935,0.3532532324262991,0.31199363775503924,2.3501836023351244,0.5328603338179029
39,0.20717534618299516,0.9139265247753688,0.8421926498413086,2.787851462716294e-05,0.0002781267542593698,1021.626398563385,True,0.2988750804647611,0.22288779597039324,0.3527138827824644,0.2921094027197219,2.3484110414570774,0.5027158699983902
40,0.2107955664396286,0.9145417894635882,0.8432803324290684,2.7755256240385018e-05,0.00027685591778879744,1047.6340124607086,True,0.265075481415662,0.22820582722000415,0.3175065231186755,0.28624443482899575,2.4174179981803072,0.5052445428092222
41,0.20548918574559885,0.916024386882782,0.8458561641829354,2.7628817001148277e-05,0.000275552285632529,1073.2942407131195,True,0.3182161166852918,0.2385847068272224,0.3925904501736935,0.3449492076006796,2.2891934335283164,0.5637219843464719
42,0.1961713567620418,0.9172432507787432,0.8479066150529044,2.7499229726764513e-05,0.0002742161961483654,1099.1727707386017,True,0.2885765594383702,0.2363740273012975,0.34389928995920666,0.2897927942359396,2.367524151802063,0.5177002787690052
43,0.20084514603263043,0.9175869141306195,0.848469078540802,2.7366528051618204e-05,0.0002728479961184086,1124.7748572826385,True,0.292765098027323,0.25032260983432275,0.34508981470821487,0.31144526994434135,2.3621450872667906,0.5517416875799591
44,0.19286159853466223,0.9181525877543858,0.8494002393313816,2.7230746418436728e-05,0.00027144804065905477,1150.4129033088684,True,0.22679469543490116,0.2224508982415411,0.2768902557300291,0.2785674733845707,2.496315044226318,0.49298947055348097
45,0.19884504182416884,0.9180327994482858,0.8491681473595756,2.709192006935076e-05,0.0002700166931288236,1176.2625014781952,False,0.2545095280636953,0.23555265679564275,0.31160908420281164,0.3077682690776653,2.433881387011758,0.5323001130472361
46,0.1938231594738413,0.9182840585708618,0.8495941758155823,2.6950085036747146e-05,0.0002685543250340484,1201.1498081684113,True,0.26883336513455763,0.2320249059269965,0.3352306015249984,0.3342071648021701,2.3959360258545774,0.545736818658582
47,0.19420757621038157,0.9187180570193699,0.8503074731145587,2.6805278133916714e-05,0.0002670613159324519,1227.0013408660889,True,0.26623186424009276,0.24029290718783883,0.34285281239398596,0.373838432009346,2.3909153169033854,0.5927859956032054
48,0.19558017786409035,0.9190879719597953,0.8509419390133449,2.6657536945499398e-05,0.00026553805333463196,1252.5788688659668,True,0.23860907617581062,0.23295478799073757,0.32091626281512836,0.3916259403206221,2.4404746651408415,0.6028311835742329
49,0.1909534049327256,0.9202565039907183,0.8529104164668492,2.6506899817729096e-05,0.000263984932603483,1278.0865337848663,True,0.2505139943474406,0.22463931713428534,0.30358764899220186,0.2899326101717259,2.445898359880365,0.5034128795585685
50,0.18774767952864288,0.9202558057648795,0.8529102717127118,2.6353405848480955e-05,0.00026240235685157977,1303.7081208229065,False,0.23183106216015936,0.21355236146292572,0.2836123854403609,0.2642049164424503,2.4845565491991826,0.467465718119205
51,0.1942608994050104,0.9205352749143328,0.8533953939165387,2.6197094877123478e-05,0.00026079073683654924,1328.3136341571808,True,0.26165430152299013,0.2380792760383947,0.32427398306285515,0.32754545117972267,2.4140717190195775,0.5520058474201327
52,0.1949027244184838,0.921242526599339,0.8545312029974801,2.6038007474178225e-05,0.0002591504908544585,1353.8124797344208,True,0.287767300051637,0.24178787484537623,0.34927804871237483,0.31184607171779183,2.3629546575299623,0.5414085103518796
53,0.19139923827081431,0.9208953039986747,0.8538792899676731,2.5876184930789745e-05,0.00025748204463124625,1379.471148967743,False,0.23776326191681837,0.22096772244017765,0.29106385886339986,0.28146110622365045,2.471172878043405,0.492123143633411
54,0.18122920711509516,0.9203002537999835,0.8529010244778225,2.5711669248008437e-05,0.00025578583121222515,1404.2868747711182,False,0.21763940434621903,0.21365834811128673,0.26818604741883784,0.279739933014378,2.514174545402157,0.48149022458403656
55,0.19457976080355097,0.9190407565661839,0.8506984795842852,2.554450312588918e-05,0.00025406229084968526,1429.2863924503326,False,0.26555542018746253,0.23994663277615183,0.3261188192627441,0.30682665546744986,2.4083257502728497,0.5357734741194713
56,0.18733174353837967,0.9185579419136047,0.8498485854693821,2.5374729952408547e-05,0.0002523118708886263,1454.1076259613037,False,0.2411641627225768,0.22796799345884838,0.2951506110312064,0.28577940253712725,2.4636852220317413,0.5040581004581638
57,0.1872942882279555,0.9193183779716492,0.8511661120823452,2.5202393792203433e-05,0.00025053502565064944,1478.9869158267975,False,0.21940363633566826,0.22956343089922776,0.27507547386094994,0.31275770161585176,2.5055208946970002,0.5279276545196282
58,0.17951646325041037,0.9196876032011849,0.8518038647515433,2.5027539375134084e-05,0.0002487322163160379,1503.8490612506866,False,0.18174846515954665,0.20950835404330456,0.22887183535378428,0.2706656974195394,2.589379697472885,0.470621739275908
59,0.1752221384009377,0.9204070312636239,0.8530302899224418,2.4850212084674463e-05,0.00024690391080405764,1528.8573532104492,False,0.15228583086350259,0.1964856207613988,0.18997524845016445,0.233614729959585,2.657738914921366,0.42440336540494245
60,0.18019748833335814,0.9203793661934989,0.8529300008501325,2.467045794613296e-05,0.000245050583651509,1553.5964803695679,False,0.1917078116832899,0.2157670695680601,0.2430098056950173,0.27180786661321654,2.565282377559563,0.48160247737635065
61,0.17489854429588944,0.9216947896139962,0.8552261080060687,2.4488323614706525e-05,0.00024317271588956057,1578.6322865486145,True,0.20022315493507856,0.22629774451307866,0.25110844417997025,0.2777834693116128,2.5486684059377374,0.4962166450098502
62,0.17814613194739232,0.922680846282414,0.8569463832037789,2.4303856363371303e-05,0.00024127079491889742,1604.2882573604584,True,0.19798020762216764,0.23334908902048215,0.25496189556550236,0.3013086667211731,2.547057897561583,0.5257770653504528
63,0.18088662526646598,0.9227497662816729,0.857074669429234,2.4117104070612943e-05,0.0002393453143832164,1630.2206435203552,True,0.20399567853102404,0.22241480164685978,0.2644377544502615,0.2929870741391978,2.531566564635984,0.5057802288496447
64,0.17057725127603188,0.9227452789034162,0.8570601088660104,2.392811520799972e-05,0.00023739677404110076,1657.361269235611,False,0.18737654629365164,0.212763521375505,0.2433417558918129,0.3001854894496222,2.5692817002843165,0.5003802683591713
65,0.17730380716871041,0.9229046872683934,0.8573096139090401,2.373693882760175e-05,0.0002354256796363079,1683.7161371707916,True,0.19497184728589642,0.22501529768021974,0.24760646486253446,0.28701623137905474,2.557421687265922,0.5025549717461856
66,0.1708895534765525,0.9227941632270813,0.8571139659200396,2.3543624549259502e-05,0.00023343254276650334,1711.163696527481,False,0.2154217191752255,0.23175941984703766,0.2736985806895998,0.3022565503828504,2.510879693791784,0.5199139276519629
67,0.17639276788371508,0.9231729166848319,0.8578038556235177,2.3348222547704997e-05,0.00023141788075047584,1737.0829694271088,True,0.2516724661258772,0.23328718723175873,0.31556298449523107,0.30805677806333176,2.4327645503292823,0.5202466842044058
68,0.178077547032325,0.923865292753492,0.8590668184416634,2.3150783539538915e-05,0.00022938221649386695,1764.1145117282867,True,0.21558627287363472,0.22438578984129312,0.2776781892470598,0.3049200075314851,2.506735534737336,0.5111278702610786
69,0.1715957613997772,0.9244057961872646,0.8600254569734845,2.2951358770067136e-05,0.00022732607835345103,1790.4238443374634,True,0.20510339277824546,0.2138849951557643,0.26520986760292076,0.2937282398848224,2.529686739444733,0.48832126591375963
70,0.17149571155508359,0.9252436927386692,0.8615032945360456,2.274999999999999e-05,0.0002252500000000001,1815.8799722194672,True,0.19794450954624435,0.20861913600900386,0.2527887905609858,0.26886711423958487,2.5492666996707176,0.46399533163537376
71,0.16810566785394168,0.9257586087499347,0.8623890791620527,2.2546759492017777e-05,0.0002231545202797697,1841.6790299415588,True,0.20767159877100091,0.2145661970806303,0.2598656399655638,0.2518950618750072,2.532462762162603,0.45598510748623583
72,0.16868537762125985,0.9263747164181301,0.8635061383247375,2.234168999720598e-05,0.00022104018307464118,1867.2059862613678,True,0.21791825105589693,0.23074933255678015,0.2795651618687934,0.2979085231753446,2.5025165862564385,0.5158014308199237
73,0.16494606056662856,0.9272024801799229,0.8649106706891742,2.213484474136372e-05,0.00021890753716095722,1893.1236975193024,True,0.1890172767772837,0.20998849634985892,0.24312737952668925,0.25564043739448367,2.5678553425649118,0.4574038236964216
74,0.16792888035539721,0.9278774261474609,0.8660901359149388,2.192627741118899e-05,0.00021675713606708673,1919.024994134903,True,0.20037886663775586,0.21813021325363907,0.25536510143814417,0.24851443771851117,2.544256026580416,0.46154292478503256
75,0.1700652239264035,0.9279222403253827,0.8661849498748779,2.1716042140344274e-05,0.00021458953792975673,1944.7779064178467,True,0.1871797332534133,0.20831304487601388,0.24546285366278206,0.25071769720054704,2.567357416420147,0.45044009223587766
76,0.16748438164836071,0.9278959887368339,0.8661454149654934,2.1504193495406163e-05,0.00021240530534918792,1970.6839663982391,False,0.22320064341756796,0.22907646087662262,0.28755259993429905,0.2797555003333692,2.4892467538755514,0.4973153770449875
77,0.17150916452290582,0.92784412418093,0.8660588094166347,2.1290786461702573e-05,0.0002102050052430716,1995.7305510044098,False,0.2168509893086819,0.23217785084818696,0.2754717400010097,0.2796252115075068,2.5076772778815237,0.5016502905007106
78,0.16945646959738653,0.9280783448900495,0.8664717418806893,2.1075876429041324e-05,0.00020798920869942634,2020.6219112873077,True,0.2036784316946959,0.20906557755347013,0.2574920476064214,0.24189812787658063,2.5388295258427487,0.44384924933322756
79,0.16572603485623344,0.9281495894704547,0.8665902529444013,2.085951917733369e-05,0.00020575849082837177,2046.4689934253693,True,0.18628104106153778,0.20630177623621604,0.2436248111839663,0.25821749856571813,2.570094147041954,0.45714189632972396
80,0.1678561896818583,0.9279119372367859,0.8661754471915108,2.064177086211675e-05,0.00020351343061285917,2071.8400082588196,False,0.21087255177437328,0.21975461144838082,0.27638689896645796,0.29594427894439734,2.5127405471470334,0.5022247972626372
81,0.16441262928677386,0.9278022221156529,0.8659464802060809,2.0422687999978184e-05,0.000201254610758396,2096.8316373825073,False,0.19863269107034912,0.2085373205042211,0.26665165913672634,0.2812329746348846,2.534715646695474,0.4792318656275285
82,0.1638552407260801,0.9279128909111023,0.8661081280027118,2.0202327453887387e-05,0.00019898261754180467,2121.6673135757446,False,0.19235163718091167,0.21102005045771202,0.26193283075185747,0.29181737325642837,2.5457155309450523,0.48832657243892613
83,0.16625380393911582,0.9277516518320356,0.8657977751323155,1.9980746418436725e-05,0.00019669804065905474,2146.535453081131,False,0.2234926077169928,0.22543872354168007,0.3049857563141669,0.3075871686164708,2.471521637049215,0.522357901558907
84,0.1603275905134248,0.92775559425354,0.8657740695135934,1.9758002404996632e-05,0.0001944014730722069,2171.2309091091156,False,0.21112098520533343,0.21224543797906167,0.2832939769080358,0.27188693164739486,2.505585042135469,0.4774310227698596
85,0.17064938645382396,0.9280098506382534,0.8662069354738507,1.953415322678855e-05,0.00019209351085550978,2196.0231578350067,False,0.2095894223029308,0.209731652685628,0.28587118772420517,0.28078039150798,2.504539389250607,0.4815577055611331
86,0.16408254719171367,0.9281927517482212,0.8665280342102051,1.9309256983879493e-05,0.00018977475304068884,2220.950291156769,False,0.20916259262852316,0.2095931988730729,0.2877292361511078,0.2863459972049924,2.503108166928949,0.48488091889712226
87,0.1591629117238717,0.9282627361161369,0.8666583384786334,1.9083372048102196e-05,0.00018744580146146773,2245.6926555633545,True,0.20321383492270453,0.20313934010457932,0.2723099166435864,0.2614132138734082,2.524476251448023,0.4543503158970966
88,0.1584323324629518,0.9284734215055194,0.8670616405350822,1.8856557047904657e-05,0.00018510726059736205,2271.2522251605988,True,0.2075770108236586,0.20280717944879417,0.2837007871874335,0.28572769553369776,2.5087221977220655,0.47417415821077935
89,0.16066790274420722,0.9285278150013515,0.8672109501702445,1.8628870853133175e-05,0.00018275973741678711,2297.178940296173,True,0.22260831958234936,0.2194802374664786,0.3008088283657482,0.28912100127579426,2.476582848478494,0.49598947260902587
90,0.15412646947336978,0.927835328238351,0.8660317489079067,1.840037255975263e-05,0.00018040384121951873,2322.7025632858276,False,0.21556616291419828,0.21053010121586824,0.29127338388806273,0.2690822576555536,2.4931604407894716,0.46697619188025025
91,0.15629262733654897,0.9276002475193569,0.8656148484774998,1.8171121474508152e-05,0.0001780401834785498,2347.7571337223053,False,0.23344789052040893,0.21543734337239898,0.3067888399239244,0.26102489276647717,2.4597632703698915,0.46702681805899376
92,0.16188523832891807,0.9273255382265363,0.8651427456310817,1.7941177099532044e-05,0.00017566937768138233,2372.417303085327,False,0.2076551569208246,0.21301935395425667,0.2848515116715611,0.2964370051894817,2.5074933347517048,0.49381998207940336
93,0.163104062319779,0.9266367043767657,0.8639625140598842,1.7710599116899993e-05,0.0001732920391707967,2397.1003546714783,False,0.2159224696629174,0.21368554760274464,0.30195748345268053,0.3160736491651938,2.4821200513263264,0.5075291231990322
94,0.15696887549806815,0.9260023747171674,0.8628471834318978,1.747944737314059e-05,0.00017090878498513941,2421.885602235794,False,0.20018862600109122,0.21730932762002214,0.27277685474154767,0.28139208175753105,2.527034525321475,0.48657875613484747
95,0.1581691472989614,0.925701209477016,0.8623389346258981,1.7247781863702165e-05,0.00016852023369817083,2446.7589173316956,False,0.1975466303513305,0.21290275263281802,0.27258400712933006,0.29346396966540317,2.529869359757366,0.4930774713322287
96,0.15283047945284453,0.9259883505957467,0.8628518581390381,1.7015662717380958e-05,0.00016612700525851426,2471.5699076652527,False,0.17948831249500127,0.20331589236948328,0.23881915843644147,0.24506760351907053,2.5816925257958214,0.4422077020850982
97,0.1594227232405397,0.9258925318717957,0.8627036128725324,1.678315018071468e-05,0.0001637297208287482,2496.4943397045135,False,0.1800529391315323,0.1995270570444935,0.2399766426858119,0.23940544449626036,2.5799704210717103,0.43240295461582734
98,0.1514336858860782,0.9260846291269574,0.8630462714603969,1.6550304602345536e-05,0.00016132900262418354,2521.1310300827026,False,0.18474991302503724,0.19924806541684584,0.24522823531662338,0.23433434949450443,2.5700218433758306,0.42914217876566896
99,0.15715695172548294,0.9258022648947579,0.8625421098300389,1.631718641735672e-05,0.0001589254737513678,2546.057889699936,False,0.19390276573746915,0.20050421618818778,0.2615650803775623,0.23767577296524217,2.544532154428548,0.433854455697329
100,0.1512079275533801,0.9254009297915867,0.8618302345275879,1.60838561315865e-05,0.00015651975804635763,2570.820222377777,False,0.19802453903918926,0.20960104052245804,0.26055706993781097,0.24361628291487794,2.541418400396561,0.44809150348984694
101,0.14977230498048125,0.9252667256764003,0.8615432211330959,1.58503743059239e-05,0.00015411247991280189,2595.630098104477,False,0.19557091600661053,0.19629112349702454,0.26096015517696225,0.23927578186658016,2.5434689321394623,0.4288626620354014
102,0.1556504334582657,0.9253246699060712,0.8616106254713876,1.5616801540590137e-05,0.0001517042641598779,2620.4409594535828,False,0.20649827738312587,0.21456502744078004,0.27295844393557517,0.2609240270170437,2.5205432764004017,0.46844651291404743
103,0.15033724012433505,0.9259943195751735,0.8627708894865853,1.538319845940983e-05,0.00014929573584012231,2645.264130115509,False,0.2128986173054075,0.20890964443332688,0.2791444074723805,0.2498310362786271,2.507956980158543,0.45265953453696034
104,0.15099105764119353,0.9268321309770856,0.8642164383615766,1.5149625694076064e-05,0.0001468875200871983,2670.0797600746155,False,0.20236836085722235,0.20251237269016756,0.2713622223142663,0.2546825930042334,2.5262694166960387,0.44949652453264605
105,0.15580019880025114,0.9267083236149379,0.8640026279858181,1.4916143868413464e-05,0.00014448024195364253,2694.9424381256104,False,0.20832819081150428,0.21224659532431456,0.28132454685144254,0.2737244925418129,2.510347267101551,0.4732871263859783
106,0.14891223707160012,0.9276802454675946,0.8657056263514927,1.4682813582643243e-05,0.0001420745262486323,2719.807938337326,False,0.1747078215882407,0.19327014722644248,0.2401505918354037,0.23864972742258714,2.585141588480308,0.4258657515821842
107,0.15051064469286654,0.9285463094711304,0.8672300917761666,1.4449695397654431e-05,0.00013967099737581662,2744.673994779587,True,0.1925696165239888,0.20523360700336757,0.2615046354579932,0.24529390712311208,2.5459257438265044,0.44571700352161375
108,0.14915109462425358,0.9285781128065926,0.8673061302730015,1.421684981928529e-05,0.000137270279171252,2770.1391065120697,True,0.1909744672416027,0.19791742105010746,0.265273005642591,0.2660798383162971,2.5437525131476337,0.4557414480701399
109,0.15112861111515857,0.9282268370900836,0.8667094111442566,1.398433728261901e-05,0.00013487299474148587,2795.7806951999664,False,0.201005126601908,0.20616382438986053,0.27135931178180756,0.2719546707330601,2.5276355617724615,0.46838747908137957
110,0.14703485866387686,0.9278185026986259,0.8660111682755607,1.37522181362978e-05,0.00013247976630182927,2820.7973914146423,False,0.20314804278364293,0.2048114584902512,0.26797195591385764,0.24087246299580808,2.528880004738939,0.4407107638891887
111,0.14988491610913982,0.9282579251698085,0.8667791996683393,1.352055262685938e-05,0.00013009121501486072,2845.8092584609985,False,0.21866982252015893,0.2138261386905877,0.28685713881690955,0.2565269867320184,2.494473036609847,0.46268345759247775
112,0.152512254529312,0.9273563282830375,0.8651725479534694,1.3289400883099978e-05,0.00012770796082920343,2870.773978471756,False,0.22172804898237167,0.2205969356207615,0.2848898510760146,0.25129037579999386,2.493382098037621,0.46662675241400775
113,0.1590097955748683,0.9270579133714948,0.8646173306873867,1.3058822900467927e-05,0.0001253306223186178,2895.93474316597,False,0.21509353668308528,0.20832495932460718,0.28370880344593574,0.25466607460465496,2.5011976556531312,0.4564774351514085
114,0.14869252006050016,0.9270134227616447,0.8645149384226117,1.2828878525491822e-05,0.00012295981652145037,2920.6914851665497,False,0.21891124579487448,0.20491640652584964,0.28565850976180157,0.23439227072607632,2.49543024141213,0.4345912015790054
115,0.1469679763082598,0.9275473867143903,0.8654333778790065,1.259962744024734e-05,0.00012059615878048141,2945.7359998226166,False,0.19855280649810148,0.19477926123922049,0.26800310135409555,0.26232906086421026,2.5334440967183687,0.44620502431618464
116,0.14516890171121377,0.9282253980636597,0.8666187865393502,1.2371129146866799e-05,0.00011824026258321306,2970.5816996097565,False,0.19883303308510222,0.19836830503451444,0.2640352483209351,0.2481510479545329,2.537131720534686,0.43907854881243535
117,0.14777322699789142,0.9285239492143903,0.867148756980896,1.2143442952095315e-05,0.00011589273940263811,2996.0701899528503,False,0.20164611132755264,0.19974778446367608,0.2650923305820545,0.2418152940062167,2.533261555864893,0.43570439056644256
118,0.15102452271785893,0.9289405941963196,0.8679035816873822,1.191662795189778e-05,0.00011355419853853247,3021.459901332855,True,0.2206848882471115,0.20920611521660873,0.2921316040678207,0.26967193914942633,2.4871835046030326,0.4668194580289962
119,0.1468714995950949,0.9295487063271659,0.8689818126814706,1.1690743016120481e-05,0.00011122524695931135,3047.700542449951,True,0.20514871983804964,0.19596500104141878,0.2789821517101393,0.25629945929541575,2.5158691265935014,0.44104450354747676
120,0.15137570742212358,0.9290381499699184,0.8681026015962873,1.1465846773211424e-05,0.00010890648914449039,3073.7748486995697,False,0.20780906312946423,0.19903802316648542,0.2787216488814688,0.25277089511080486,2.513469287316347,0.4427462779594631
121,0.1454924548991391,0.9292680195399693,0.8685072064399719,1.1241997595003344e-05,0.00010659852692779328,3098.843465089798,False,0.19449181603258756,0.20230988025424151,0.2621653320067482,0.25736193918940226,2.543342850187729,0.45184181993749084
122,0.14849693682350096,0.9301761729376656,0.8700783252716064,1.1019253581563251e-05,0.00010430195934094543,3123.82120513916,True,0.2043212252435403,0.20430335862989737,0.2781568699063541,0.273749941571484,2.517521905436598,0.469180410408009
123,0.14451592293430549,0.9304488556725639,0.8705517223903111,1.079767254611259e-05,0.00010201738245819551,3149.7158572673798,True,0.19705841335451937,0.1997515584064988,0.2584000516856282,0.2307147834361787,2.544541531246284,0.42585909125502996
124,0.14486874847627076,0.9302575758525303,0.8702129210744586,1.0577312000021797e-05,9.974538924160421e-05,3175.419411420822,False,0.19655140275095492,0.20031617164007567,0.25806523251636276,0.23853932724956145,2.545383367579559,0.43363548033581867
125,0.14717177802422007,0.930871341909681,0.8712918247495379,1.0358229137883224e-05,9.748656938714101e-05,3200.665456533432,True,0.2074090424094325,0.21122717868283342,0.2717777609270355,0.26197973875788383,2.520813198778136,0.46226764560561656
126,0.14391220629703802,0.9313782198088509,0.8721545338630676,1.014048082266628e-05,9.524150917162837e-05,3226.7451984882355,True,0.20374042429684275,0.2028191342502809,0.26959971591107673,0.247005497214652,2.526659861433095,0.44365865575814156
127,0.1463494535352363,0.9318398833274841,0.8729504942893982,9.924123570958653e-06,9.301079130057387e-05,3252.641493320465,True,0.2102345579865806,0.2083645243247592,0.28747019568586657,0.2990239062823979,2.5022952441293103,0.49096858956251116
128,0.1450668682084709,0.9321570481572833,0.8734954084668841,9.709213538297404e-06,9.079499475692856e-05,3278.5045030117035,True,0.22321446492577549,0.21418134231076003,0.29449019964944956,0.273497697399333,2.482295334403371,0.47710621820380655
129,0.14488336993534057,0.9321259771074567,0.873461936201368,9.495806504593816e-06,8.859469465081225e-05,3304.3516018390656,False,0.21442026472024234,0.21250517959285556,0.28021267119506055,0.258623512671054,2.505367064691823,0.463368074206899
130,0.1415442578860971,0.9316057307379586,0.8725719792502267,9.283957859655709e-06,8.641046207024349e-05,3329.5048582553864,False,0.21656062839139284,0.21295622960390495,0.2884407696078114,0.27335212814849547,2.494998601263967,0.4779815895982359
131,0.14279642737791187,0.9318357280322483,0.8729973605700901,9.073722588810992e-06,8.424286393291347e-05,3354.7769169807434,False,0.2104321140694183,0.2099381231382597,0.2750797801068181,0.2514338103561101,2.514488107248627,0.45465361546131033
132,0.14156142707730904,0.9321035657610212,0.8734840410096305,8.865155258636258e-06,8.209246283904294e-05,3379.9113023281097,False,0.20522735238484718,0.2111053830739433,0.2681213106255344,0.25558848197245393,2.526651342506039,0.45848766731502066
133,0.14479751310876157,0.9314348782811847,0.872317910194397,8.658310002794e-06,7.995981692535897e-05,3405.195152759552,False,0.19030760103128128,0.20695834367054655,0.2516609088394887,0.24824049196627454,2.5580314844846725,0.4502246953773232
134,0.14262650552831713,0.9313606704984393,0.8721809812954494,8.453240507982201e-06,7.784547972023043e-05,3430.1687898635864,False,0.18566671505974855,0.19917573980772,0.2497180606191978,0.24896828854078665,2.5646152233152555,0.4416844381943135
135,0.14261376625690303,0.930932879447937,0.8714310015950885,8.249999999999994e-06,7.575000000000007e-05,3455.301961183548,False,0.18890640115855134,0.20091010955540614,0.24645992412922327,0.23671390057828987,2.5646336734911492,0.4323046778296195
136,0.14725078007236855,0.9306465472493853,0.8709194915635246,8.048641229932847e-06,7.367392164654913e-05,3480.5973930358887,False,0.20125748101071905,0.2070477646996622,0.26447008806039934,0.25318312390348024,2.534272423268392,0.4523621922228084
137,0.1459136740838895,0.9308024985449654,0.8711967468261719,7.849216460461066e-06,7.161778350613317e-05,3505.720883131027,False,0.20898033437405408,0.21020038182119916,0.2701156489609275,0.24186916281101964,2.520904014665505,0.44725568996744347
138,0.1420817918709067,0.9304585456848145,0.8706048812185015,7.65177745229499e-06,6.95821192495243e-05,3530.8916630744934,False,0.2053448865331352,0.20978509133445475,0.27077686041420934,0.25526110779492156,2.523878254602695,0.45787227829051685
139,0.14474287800124433,0.9307200312614441,0.8710329958370754,7.4563754507404796e-06,6.756745723349676e-05,3556.508048772812,False,0.20175293419000306,0.20490603966518112,0.2653399247493081,0.2436822760968114,2.532907139679481,0.4430172669867937
140,0.14315726437041018,0.9305023040090289,0.8706667934145246,7.263061172398237e-06,6.557432036369226e-05,3581.79408288002,False,0.20409298831942202,0.20275528033821993,0.27079903356987856,0.24845431485374395,2.5251079700733055,0.4427963232449893
141,0.14727212525293476,0.9306665403502328,0.870932298047202,7.071884792000263e-06,6.360322595889936e-05,3608.6674568653107,False,0.20929288085044265,0.20953164798088322,0.2714193606497078,0.24682388737670757,2.5192877581612816,0.45110308482996014
142,0.13957325796611975,0.9316175750323704,0.8725619145802089,6.882895929387044e-06,6.165468561678375e-05,3634.9022846221924,False,0.20278757898963923,0.20620827946264847,0.2657801368508231,0.24733521778121909,2.5314322784645804,0.447902963865509
143,0.1433933633761328,0.931473399911608,0.8723101275307792,6.696143636628683e-06,5.972920508110272e-05,3660.261505126953,False,0.1992219320264372,0.2021129126052027,0.26026625112341395,0.24149897113057606,2.540511818723432,0.4376093946949514
144,0.1403160604541419,0.9307811856269836,0.8711245911461967,6.511676385293465e-06,5.78272841104396e-05,3685.179404735565,False,0.19124896372550024,0.2012650029401926,0.25159098876062136,0.2361878998835036,2.5571600445796703,0.43363356487107657
145,0.14467489230828207,0.9309024725641523,0.8713536092213222,6.329542053867026e-06,5.5949416348491154e-05,3710.69384264946,False,0.185037439040366,0.19927113232042645,0.24286613220011752,0.2399817915793976,2.572096421369191,0.43254697181813234
146,0.14553319760521904,0.9317787545067924,0.8728645103318351,6.149787915325525e-06,5.409608919594257e-05,3736.5031967163086,False,0.1924889249721309,0.20017346662057103,0.25506371220621954,0.2539466760837427,2.552447364196695,0.44664268096026166
147,0.14289690065579336,0.9306926301547459,0.8709823148591178,5.972460624865903e-06,5.2267783683962315e-05,3761.9065220355988,False,0.20088694572537044,0.20518213153540393,0.2626297569756621,0.2494717453919972,2.5364832969780626,0.4477180110293825
148,0.145212072329443,0.9299273661204747,0.8696417212486267,5.797606207796552e-06,5.046497434935073e-05,3788.8191316127777,False,0.20065914812311128,0.1996808988591544,0.2609096856212147,0.23351086036215066,2.538431164976852,0.42663317152425717
149,0.1406877037198817,0.9299932633127485,0.8697570562362671,5.625270047591441e-06,4.8688129111373894e-05,3814.1479320526123,False,0.21028447667301375,0.21003372668248785,0.27313383636369915,0.2488519110522343,2.5165816869098565,0.4529557041043781
150,0.13920532191385987,0.9296401739120483,0.8691532100949969,5.455496874110806e-06,4.693770915031493e-05,3839.235227584839,False,0.20399301910738799,0.20502644150221708,0.26382491189882096,0.23455981397819184,2.532182067036629,0.43487589160682677
151,0.13892852795905755,0.9294899020876203,0.868916494505746,5.288330751991554e-06,4.521416878777505e-05,3866.1716918945312,False,0.19390192955953134,0.19848972037936224,0.2573297656462367,0.23606625543614645,2.54876830563463,0.42937681997257765
152,0.1424253330123229,0.9293782711029053,0.8687317797115871,5.1238150692102415e-06,4.3517955368753926e-05,3892.803836107254,False,0.19498269590022793,0.20424934039650722,0.25916846284678946,0.24677513324438916,2.5458488438252744,0.44589432727175754
153,0.14147800365920926,0.9295630710465568,0.8690490211759295,4.961992525821761e-06,4.184950914554166e-05,3919.808780670166,False,0.20699739598548683,0.20221741560770642,0.2710219398304692,0.23065572589013938,2.5219806560565687,0.4287406334879631
154,0.13867411847974434,0.9299065215247018,0.8696318864822388,4.802905122876511e-06,4.020926316345098e-05,3946.65319108963,False,0.19424729339674052,0.19618059775826302,0.2578353032099629,0.2279903563014962,2.5479174014103823,0.4197867037330022
155,0.14318978884181038,0.9299070068768093,0.8696047237941197,4.646594151519031e-06,3.85976431484204e-05,3973.5726976394653,False,0.19336262635190185,0.19764379818375297,0.2580495167309258,0.2430206154347997,2.5485878509257374,0.43342777485020606
156,0.14116934234978723,0.9298208696501595,0.8694390910012382,4.493100182270892e-06,3.701506739651718e-05,4000.5443341732025,False,0.20561568692378732,0.20102966078484985,0.27002889755013365,0.23489261030175793,2.524355416924789,0.43069202339970897
157,0.13599549673619818,0.9299521361078534,0.8696576356887817,4.342463054500596e-06,3.546194666536826e-05,4027.923817873001,False,0.21520190567637248,0.211220505728316,0.2784889243138504,0.2408782679658205,2.5063091682565624,0.44771830965866016
158,0.14374758266523235,0.930110684462956,0.8699105637414115,4.194721866083272e-06,3.393868406754826e-05,4053.280866384506,False,0.20870274350067183,0.20702144223470081,0.2746763336819051,0.25363940652423195,2.5166209269803144,0.45383201617289476
