epoch,train_loss,validation_dice,validation_iou,encoder_lr,decoder_lr,elapsed_seconds,is_best,fg_mscb_alpha1_mean,fg_mscb_alpha1_std,fg_mscb_alpha3_mean,fg_mscb_alpha3_std,fg_mscb_alpha5_mean,fg_mscb_alpha5_std,fg_mscb_guidance_strength
1,1.2015262165894876,0.2728425306933267,0.16073011394057954,8.4e-06,8.399999999999998e-05,28.455499172210693,True,0.9999692659268434,0.0001240872298162693,0.9999230691299584,8.893932059730505e-05,1.000107664714828,7.670221553712561e-05,0.05015511438250542
2,0.8885429469021884,0.2951510761465345,0.17687821068934031,1.3799999999999998e-05,0.00013799999999999997,51.75520396232605,True,0.9999355271858273,0.0004818226674399822,1.0000833387575845,0.0003092642359180219,0.9999811415928077,0.0003500074137089887,0.04943118616938591
3,0.8011038129979914,0.32983065077236723,0.20265144748347147,1.9199999999999996e-05,0.00019199999999999995,75.11378622055054,True,0.9978607461370271,0.0013872486001734715,0.9991571791327319,0.0008896491048188609,1.0029820765572033,0.0021690363185280443,0.055921681225299835
4,0.7393489772623235,0.3910462643418993,0.25172385360513416,2.4599999999999995e-05,0.00024599999999999996,98.55157566070557,True,0.9902897126373204,0.0034776230874950984,0.9919765414862797,0.00581682427786065,1.0177337444605041,0.00918421553448944,0.07003389298915863
5,0.5582742111249404,0.448359876871109,0.302122420498303,2.9999999999999997e-05,0.0003,121.98324918746948,True,0.9986404913595353,0.007674456316502082,0.9823159451685646,0.006288328713676223,1.0190435640656628,0.006677804740288681,0.06609252840280533
6,0.461436895348809,0.5427553100245339,0.37860895906175884,2.999811826208493e-05,0.0002999805986332205,145.36560821533203,True,1.0135737061043808,0.007854859335328711,0.9768161770027716,0.009349015864422473,1.0096101198159873,0.0024135775853140373,0.06574295461177826
7,0.4179019017653032,0.6363877654075623,0.4671826149736132,2.9992473536744915e-05,0.00029992239956850794,168.70118856430054,True,1.0174636445282976,0.009385586505658775,0.9767813069153563,0.01077320401238825,1.0057550472317984,0.0022946382576328854,0.06315206736326218
8,0.39480095316063274,0.6625692844390869,0.4957794632230486,2.9983067289068734e-05,0.0002998254179114328,191.93236660957336,True,1.0193782076525049,0.009147479827276764,0.9757828738954332,0.010070879246415922,1.004838916168359,0.0016614754220478174,0.06361197680234909
9,0.37277163212949577,0.729305122579847,0.5750887989997864,2.9969901960448513e-05,0.00029968967883358983,215.40317296981812,True,1.017109249560769,0.008254082515017582,0.973852738384086,0.009903135825539174,1.0090380094973976,0.0025092652073755856,0.06489680707454681
10,0.35807860114357687,0.7775769574301583,0.6380505987576076,2.9952980967946045e-05,0.0002995152175660644,238.75674557685852,True,1.0217577026721618,0.015883488501724403,0.9667943111781416,0.018860279731676036,1.0114479827698164,0.006770317161059165,0.06738241016864777
11,0.3504645068537105,0.81190573317664,0.6858408536229815,2.9932308703405904e-05,0.00029930207939028844,262.0602595806122,True,1.008701960063072,0.006821399009860523,0.9664762651783296,0.014829140530472077,1.0248217754437092,0.009065323790626573,0.06668766587972641
12,0.3346522006121549,0.8334048816135952,0.71690605367933,2.990789053231554e-05,0.0002990503196262878,285.29771518707275,True,0.9944232928341833,0.012052006439258947,0.9677363234918236,0.016831342925338274,1.0378403815273125,0.016289410151843993,0.0700748860836029
13,0.3278505303642967,0.8504472545215062,0.7422827993120465,2.987973279241265e-05,0.00029876000361832354,308.52485060691833,True,0.9698587197910323,0.02857316543123419,0.926604295987279,0.06097171177976761,1.103536985203681,0.08620080676168325,0.08704134821891785
14,0.31632480756802994,0.8625492538724627,0.7607952867235456,2.9847842792040242e-05,0.00029843120671793215,331.70887875556946,True,0.4593929700962878,0.2852925727700664,0.3889612834357374,0.27375965851286516,2.1516457455368334,0.55839244150533,0.11304275691509247
15,0.3109102108261802,0.871786756174905,0.7751625009945461,2.9812228808249737e-05,0.00029806401426436796,354.9452414512634,True,0.1735112492923631,0.1707047139479816,0.14646777509239386,0.15559884926738132,2.6800209726867092,0.32609353505953204,0.12382624298334122
16,0.3011094166473909,0.8793970431600299,0.7870272653443473,2.977290008465267e-05,0.0002976585215624534,378.0278263092041,True,0.15188483634409544,0.17021517616812773,0.13757205015054016,0.16169615105670665,2.710543111000938,0.3318281930446492,0.13633836805820465
17,0.27835988348180596,0.8857074209621975,0.7971485257148743,2.9729866829021498e-05,0.0002972148338578424,401.17809009552,True,0.16835260388403706,0.2072724121035682,0.1609228432046834,0.20655266755380638,2.6707245480055097,0.4136390501421371,0.14363031089305878
18,0.27528788339007987,0.890156056199755,0.8042856454849243,2.9683140210640187e-05,0.000296733066309704,424.8784170150757,True,0.27085989044318914,0.29909912425801477,0.29430931339055094,0.34709139246572723,2.4348307971639196,0.6430950961213652,0.15723009407520294
19,0.28218125104904174,0.8932604704584394,0.8092702627182007,2.963273235740521e-05,0.00029621334396083305,448.0899488925934,True,0.37336408260494913,0.3285791134728421,0.6066627935829072,0.6792172207196108,2.01997311972831,0.9696719494682507,0.16605889797210693
20,0.2736864629116925,0.8957763739994594,0.8133394888469151,2.9578656352677758e-05,0.0002956558017051948,471.09232807159424,True,0.21394527835312363,0.2899716845173706,0.3758964983286508,0.6264770576777717,2.4101582201529594,0.8850908122882172,0.17918775975704193
21,0.262479644742879,0.8975399817739215,0.8161868623324803,2.952092623188796e-05,0.00029506058425291383,494.4223806858063,True,0.17855492161594871,0.2543384521573715,0.4289185710673879,0.7445967725144449,2.392526502123421,0.9475127215514082,0.19319798052310944
22,0.26054342091083527,0.8988330279077802,0.8182933415685382,2.9459556978891967e-05,0.0002944278460927138,517.576167345047,True,0.19142199333830867,0.26332374355337296,0.5581131651434078,0.8702814093687703,2.2504648305526755,1.0686916918204197,0.19497567415237427
23,0.2558811296116222,0.9009249721254621,0.8216830917767116,2.9394564522082912e-05,0.00029375775145182043,540.7177052497864,True,0.23186199316723344,0.2626838475651251,0.8204946822477763,1.0302967227380009,1.9476433289337354,1.205031958444443,0.2016891986131668
24,0.2519433425231413,0.9020168781280518,0.823521077632904,2.932596573025668e-05,0.0002930504742533362,564.2505509853363,True,0.20680480934649545,0.2553859849577013,0.6178328065923615,0.9086457018681328,2.1753623859509377,1.094030211226361,0.20585361123085022
25,0.24932722042907368,0.9022390416690281,0.8239257165363857,2.925377840823361e-05,0.00029230619807109836,587.4175200462341,True,0.1931444590982753,0.24102579301748395,0.6355127633137673,0.9345928186994057,2.1713427826823137,1.1039726624248296,0.21233655512332916
26,0.2435286291620948,0.9040262443678719,0.8268710800579616,2.9178021292237275e-05,0.0002915251160820327,610.6394953727722,True,0.16142785729516845,0.21767870203182904,0.7228038889775321,1.0395272719835034,2.115768244776778,1.1725737466486912,0.2235933393239975
27,0.24273883944207972,0.9063699671200344,0.830706068447658,2.9098714045031468e-05,0.00029070743101601424,634.0832328796387,True,0.10763402934949681,0.18816336250805046,0.40288087393244276,0.8156875781669699,2.489485091046145,0.9472817641703724,0.2310023456811905
28,0.24326781820167195,0.907879080091204,0.833226033619472,2.9015877250816737e-05,0.0002898533551032486,657.3364949226379,True,0.13213239462713564,0.20191903168859113,0.58411147032529,0.9763139340370187,2.283756136812995,1.0970769264513582,0.23604701459407806
29,0.23996908420866186,0.9093869754246303,0.835705041885376,2.892953240988776e-05,0.00028896311001918776,680.7421808242798,True,0.14731682730327958,0.19712343295474932,0.8436897428787622,1.132784744927275,2.008993429896606,1.234176250326004,0.24072062969207764
30,0.2236894035881216,0.9102263365473066,0.8370739647320339,2.8839701933052952e-05,0.0002880369268269944,704.1181917190552,True,0.0937661150505882,0.16493735550024663,0.5078363212113759,0.9527941262713433,2.3983975605447316,1.0474032555341082,0.2437521070241928
31,0.23532585339112716,0.9114902360098702,0.8391690339360919,2.874640913581771e-05,0.000287075045917569,727.4357268810272,True,0.10153466292024557,0.17760360065308012,0.5096194369051928,0.946820012946639,2.3888458993556485,1.05250422067914,0.2478175312280655
32,0.23138931691646575,0.912383360522134,0.8406721864427839,2.8649678232332905e-05,0.0002860777169471567,750.6897385120392,True,0.08168125970008373,0.16239945394617206,0.34718199342854095,0.799255658183907,2.5711367477203293,0.9012127317315825,0.2523614466190338
33,0.22583079907027157,0.9119687931878226,0.8400492668151855,2.854953432911007e-05,0.0002850451987725488,773.9696002006531,False,0.10487125259129,0.1831929172910417,0.4371833076555153,0.8783510650236024,2.4579454352277783,0.9876942271556837,0.252287358045578
34,0.22101345685395327,0.9118310127939496,0.83985664163317,2.8446003418505023e-05,0.0002839777593838968,796.1912746429443,False,0.10505278908344469,0.19124394485431845,0.33877454238759086,0.7664131356732325,2.5561726674667233,0.8879900517806244,0.25268369913101196
35,0.21493460400538011,0.9121818116733006,0.840488578592028,2.8339112371971534e-05,0.00028287567583515496,818.9872086048126,False,0.12919468705603326,0.21316338583609795,0.3267680192033404,0.733897839702895,2.544037299114703,0.8779704068412163,0.2561461925506592
36,0.21455508741465482,0.9130875723702567,0.8420695832797459,2.822888893308686e-05,0.0002817392341721716,841.4208564758301,True,0.1272530464936845,0.20845663004958087,0.3746149140560699,0.8113699754047751,2.498132039592131,0.9356365296228667,0.2563532590866089
37,0.22206932495940815,0.9137478130204337,0.8432013647896903,2.8115361710350864e-05,0.0002805687293584453,864.7351088523865,True,0.10141022080750471,0.1900417921260436,0.28350633815793014,0.7323074801370175,2.615083442828028,0.8382237351985459,0.2569037675857544
38,0.21243039938536556,0.9148770230157035,0.8450984954833984,2.7998560169760707e-05,0.0002793644651985675,888.0268514156342,True,0.13093351386813024,0.22308367105243074,0.34274321273752684,0.7819008053803145,2.5263232719075157,0.9022363729423253,0.25810176134109497
39,0.21014860705895858,0.9160314287458148,0.8470110637801034,2.787851462716294e-05,0.0002781267542593698,911.0318665504456,True,0.12936526807712653,0.22175152151624836,0.27574712435591775,0.6996828913936515,2.594887601914848,0.8293252985109224,0.2577170431613922
40,0.20578642327476432,0.9161223939486912,0.8471458894865853,2.7755256240385018e-05,0.00027685591778879744,934.4551610946655,True,0.13583394167739116,0.22574263948149817,0.30186644394774265,0.7407922253371626,2.562299616982147,0.8599018138456928,0.2602110505104065
41,0.20567524189298803,0.9162158370018005,0.8472713317189898,2.7628817001148277e-05,0.000275552285632529,957.7099516391754,True,0.151195283697568,0.2336504953570973,0.352437730961901,0.8014348576578123,2.4963669817494156,0.9149910824606867,0.26531511545181274
42,0.2073648823933168,0.9165230393409729,0.847786716052464,2.7499229726764513e-05,0.0002742161961483654,980.8020105361938,True,0.13734737188530516,0.21974957592116534,0.29816603717974843,0.7396331646090135,2.5644865774276737,0.8559013428633142,0.26540863513946533
43,0.2094138039783998,0.9173346502440316,0.8491449696677071,2.7366528051618204e-05,0.0002728479961184086,1004.3817489147186,True,0.12627888490931183,0.22519526048182334,0.22572752560087572,0.6377424945267257,2.6479935944430046,0.7652781438443762,0.2652883529663086
44,0.20005550655451687,0.9175818903105599,0.8496009366852897,2.7230746418436728e-05,0.00027144804065905477,1027.588238477707,True,0.1198988117796878,0.21453695806959355,0.2598478675825461,0.7078341220941721,2.6202533191418538,0.8145259003648699,0.2678649127483368
45,0.20978412926197051,0.9179085663386753,0.8501236694199699,2.709192006935076e-05,0.0002700166931288236,1051.0234310626984,True,0.16215961030788262,0.25273988274523285,0.2776248636080099,0.7044694542689581,2.560215532481474,0.8344506999081563,0.2681247889995575
46,0.1965665729208426,0.9203184076717922,0.8541966932160514,2.6950085036747146e-05,0.0002685543250340484,1074.6100947856903,True,0.147084971048198,0.24532665719600527,0.2561042982883086,0.6824278244018012,2.5968107303232935,0.8084573913087535,0.26772814989089966
47,0.20064675157720394,0.9218599625996181,0.8567254202706474,2.6805278133916714e-05,0.0002670613159324519,1097.950902223587,True,0.18089447898219357,0.26570299058802865,0.28782201942735613,0.7243966877447546,2.531283501761287,0.8447203838407155,0.27066338062286377
48,0.19031483287161047,0.9232585941042218,0.8590548123632159,2.6657536945499398e-05,0.00026553805333463196,1121.0263671875,True,0.18455342463006785,0.2715119070085279,0.2448910693687553,0.6428809450334421,2.570555507303733,0.7857096874584992,0.2692180275917053
49,0.19912555732510306,0.9234822818211147,0.8594068969999041,2.6506899817729096e-05,0.000263984932603483,1144.391205072403,True,0.16957191203057484,0.25758201516856793,0.2552069405619638,0.6894478634042485,2.575221137247542,0.8033414287409363,0.271708607673645
50,0.19767218801108274,0.9234936833381653,0.8593672258513314,2.6353405848480955e-05,0.00026240235685157977,1167.6925857067108,False,0.2295669571246219,0.2933233563851227,0.2709496463952451,0.6848457833763244,2.4994833952037196,0.816498606306285,0.27076971530914307
51,0.1887423434040763,0.9239417569977897,0.8600916862487793,2.6197094877123478e-05,0.00026079073683654924,1190.1875433921814,True,0.2646210719509264,0.3111777113898589,0.3076829921507142,0.7138206475372535,2.4276959384973535,0.8517646673153202,0.2721683382987976
52,0.1942089254205877,0.9236032792500087,0.8594892365591866,2.6038007474178225e-05,0.0002591504908544585,1213.6838235855103,False,0.25998008489001156,0.306805580774967,0.35877756780995324,0.7783907922862094,2.381242351126877,0.9045248616104439,0.27428650856018066
53,0.18458629169247368,0.9233368294579642,0.85905807358878,2.5876184930789745e-05,0.00025748204463124625,1236.1612901687622,False,0.25030711892139856,0.30276369637919465,0.29468107875526595,0.6927016906990662,2.4550118044983966,0.8373514593016307,0.2765151262283325
54,0.19268373142589224,0.9234201397214618,0.8591999156134469,2.5711669248008437e-05,0.00025578583121222515,1258.6989040374756,False,0.20728000191374146,0.28259690674817445,0.2636844445444674,0.6745735093245125,2.5290355519506673,0.8114476568345347,0.27495864033699036
55,0.19073082587935708,0.9241669263158526,0.8604389088494437,2.554450312588918e-05,0.00025406229084968526,1281.279721736908,True,0.23265355897199252,0.28849938245498363,0.23416741031812482,0.6233569406806536,2.5331790329194432,0.7639966621495768,0.27561816573143005
56,0.18608831411058252,0.9242287022726876,0.8605784262929644,2.5374729952408547e-05,0.0002523118708886263,1304.5689232349396,True,0.2106128556821943,0.29200853643402586,0.17138156489296344,0.5496638511819122,2.6180055843773244,0.6831864932457204,0.2779189944267273
57,0.1822174066847021,0.924082338809967,0.860356160572597,2.5202393792203433e-05,0.00025053502565064944,1327.8318700790405,False,0.27718816421406084,0.3357002358792959,0.19963361854310294,0.5510771499309027,2.523178216580915,0.7253794000831417,0.27742883563041687
58,0.18502574292096224,0.9236683419772557,0.8596574408667428,2.5027539375134084e-05,0.0002487322163160379,1350.316418170929,False,0.2835206119839853,0.34240695593735015,0.17792364052673038,0.49717602290569074,2.53855574759173,0.6961804480937843,0.27935436367988586
59,0.18505128486589953,0.9238075613975525,0.8598865951810565,2.4850212084674463e-05,0.00024690391080405764,1372.8587465286255,False,0.27081002874903587,0.3394812978734072,0.18965896779997346,0.5164271138375498,2.5395310017398036,0.7159907064277026,0.28097090125083923
60,0.18347144817764108,0.9235969696726117,0.8595819643565586,2.467045794613296e-05,0.000245050583651509,1395.1831023693085,False,0.32177660456600765,0.34375666903812113,0.19715997182342643,0.5345701939619121,2.481063428130072,0.7152808279202669,0.280136376619339
61,0.1816731410947713,0.9237198403903416,0.8598036340304783,2.4488323614706525e-05,0.00024317271588956057,1417.744208574295,False,0.35760334963761753,0.37571415499200694,0.17262945736209312,0.44607990851109053,2.469767200909698,0.6893619797141051,0.28129905462265015
62,0.17987911186435007,0.923764535358974,0.8599144816398621,2.4303856363371303e-05,0.00024127079491889742,1440.4024622440338,False,0.39938283578253625,0.37250071008853936,0.18234525526979312,0.4759321505850044,2.4182719052408848,0.6894058797401428,0.282137393951416
63,0.17261264676397498,0.9251021913119725,0.862272458417075,2.4117104070612943e-05,0.0002393453143832164,1462.931864976883,True,0.4364408771519039,0.3704424731743884,0.18991070162076917,0.47236689585024616,2.373648428916931,0.6862077422954852,0.2825777530670166
64,0.1847914988344366,0.925272558416639,0.8626551457813808,2.392811520799972e-05,0.00023739677404110076,1486.2518985271454,True,0.4144989282125496,0.37183625701693235,0.1809650777462809,0.48055018732898447,2.404535981674475,0.6806328652562207,0.28275829553604126
65,0.17861437946557998,0.9258844171251569,0.8637082917349679,2.373693882760175e-05,0.0002354256796363079,1509.7165653705597,True,0.45613810558521484,0.38821183964375316,0.21261270595316337,0.5073057835077405,2.331249188070125,0.7168652897517503,0.28328007459640503
66,0.17738990052179857,0.9265311104910714,0.8647220815931048,2.3543624549259502e-05,0.00023343254276650334,1533.1462235450745,True,0.4133572879807533,0.3834634464516494,0.17522662993051286,0.46445099546686075,2.411416079363718,0.6787254602406453,0.28459668159484863
67,0.17851519882678984,0.9278373037065778,0.8668012959616525,2.3348222547704997e-05,0.00023141788075047584,1556.50479054451,True,0.37728839376568885,0.3823020940611015,0.2124653033055222,0.5366022273794039,2.410246298800426,0.7408403342099629,0.2855372130870819
68,0.17174323864958502,0.9287968788828168,0.8684239132063729,2.3150783539538915e-05,0.00022938221649386695,1580.0072300434113,True,0.3115140300748225,0.36191261383843826,0.16996006510300585,0.4685531670831457,2.5185259142241145,0.6915182781287147,0.2850586473941803
69,0.1730245530605316,0.9294719014848981,0.8695307374000549,2.2951358770067136e-05,0.00022732607835345103,1603.1946654319763,True,0.3149656458937124,0.3597878551685587,0.19573854442467367,0.5233422379622882,2.4892958106109124,0.7221905708296013,0.28687530755996704
70,0.17463053248145363,0.9297174981662205,0.8699793304715838,2.274999999999999e-05,0.0002252500000000001,1626.57874751091,True,0.3332632452044908,0.37484432181648375,0.19248606253058645,0.4787352485145326,2.474250692716475,0.7203598310580674,0.2889874577522278
71,0.17595937617800453,0.9303604023797172,0.8711105585098267,2.2546759492017777e-05,0.0002231545202797697,1650.0334396362305,True,0.2960614058330431,0.3593558825803937,0.19771222078812362,0.5323905298074756,2.5062263740504953,0.7310404118673731,0.2898170053958893
72,0.1716623387553475,0.9302375061171395,0.870876669883728,2.234168999720598e-05,0.00022104018307464118,1673.5055937767029,False,0.31265118210426707,0.362651116377231,0.18981220986308206,0.49672800764030767,2.4975366051929693,0.7166952394500807,0.290376752614975
73,0.17039022242481058,0.9297778606414795,0.870132063116346,2.213484474136372e-05,0.00021890753716095722,1695.9956085681915,False,0.3265645230102119,0.348024311449772,0.2818912670395096,0.6520821182535335,2.3915442141190426,0.8198181728306444,0.28941264748573303
74,0.1707648288119923,0.9294574686459133,0.8696037530899048,2.192627741118899e-05,0.00021675713606708673,1718.393005847931,False,0.3191274165361982,0.36379707625528845,0.3320735590351491,0.7270208943181983,2.348799030729873,0.880598706473435,0.28838247060775757
75,0.17066220045089722,0.9288774388177055,0.8686445866312299,2.1716042140344274e-05,0.00021458953792975673,1740.7703003883362,False,0.3358738265734626,0.3751482736503684,0.3185354429978013,0.6922206307180032,2.345590722012482,0.8664507056599561,0.2897024154663086
76,0.1682846651835875,0.929944132055555,0.8704822063446045,2.1504193495406163e-05,0.00021240530534918792,1763.1130497455597,False,0.3262288902904844,0.3743152702880254,0.26271040832879416,0.6123927809728438,2.4110606999312467,0.8084521719269161,0.290100634098053
77,0.16797601238445,0.9298644917351859,0.8703576752117702,2.1290786461702573e-05,0.0002102050052430716,1785.5197937488556,False,0.34428956724292237,0.3764265321347298,0.2605510910318616,0.5975164919114757,2.3951593404093408,0.7983885916447284,0.2912716567516327
78,0.17221108363433318,0.9296499150139945,0.8699814336640495,2.1075876429041324e-05,0.00020798920869942634,1808.0628855228424,False,0.3605343191705974,0.3831411507705138,0.2667053356553595,0.591519587666722,2.3727603519915235,0.8045676530296485,0.2911107838153839
79,0.16635774048891935,0.9304884842463902,0.8714079856872559,2.085951917733369e-05,0.00020575849082837177,1830.5785551071167,True,0.3880131514350257,0.39178705722631635,0.22137243929637443,0.4932059235561195,2.3906144172846613,0.7464322169855987,0.2914218604564667
80,0.1615843109109185,0.930649859564645,0.8716880849429539,2.064177086211675e-05,0.00020351343061285917,1853.7852804660797,True,0.4115960400003157,0.3868118454215517,0.27068826860318024,0.5783192910715013,2.3177156847048823,0.7930774568957627,0.2919965386390686
81,0.16475896659222516,0.9303306000573295,0.8711576632090977,2.0422687999978184e-05,0.000201254610758396,1877.3320903778076,False,0.4373194483529347,0.39238639297685574,0.26481814438117757,0.5801825280314322,2.2978624031399075,0.7792921588607961,0.2935872972011566
82,0.17203623286702416,0.9298362476485116,0.8703268596104213,2.0202327453887387e-05,0.00019898261754180467,1899.7537670135498,False,0.36268071778713734,0.365617079664522,0.23442664112902684,0.5910736235147261,2.4028926430962323,0.758171098477531,0.2939223051071167
83,0.1680495339361104,0.9293816259929112,0.869571362222944,1.9980746418436725e-05,0.00019669804065905474,1922.0279982089996,False,0.33884333977583575,0.35976016909050806,0.2565801048833642,0.6198116742246872,2.404576564863468,0.7919831210245009,0.29596319794654846
84,0.16571969999508424,0.9296854564121791,0.8700522780418396,1.9758002404996632e-05,0.0001944014730722069,1944.6727590560913,False,0.40554837524764115,0.3766782031123427,0.31471671103460036,0.6870093911011219,2.2797349081650355,0.8341899138802599,0.2953236699104309
85,0.16403032730926168,0.9289163776806423,0.8686841556004116,1.953415322678855e-05,0.00019209351085550978,1967.208833694458,False,0.37940109162086544,0.39102264185894586,0.28080639921488754,0.6097696393304634,2.3397925083134306,0.8192847897975475,0.29607173800468445
86,0.16201088428497315,0.9299837861742292,0.8704899379185268,1.9309256983879493e-05,0.00018977475304068884,1989.8569159507751,False,0.4028378111737494,0.38844920269601146,0.29539436764696864,0.6229221997666455,2.301767814061979,0.8237182008862696,0.2981562316417694
87,0.1617559092965993,0.9316201465470451,0.8733506543295724,1.9083372048102196e-05,0.00018744580146146773,2012.2329292297363,True,0.3690367060314438,0.3830615305272259,0.2084615418485511,0.49474602442692567,2.4225017489615643,0.7343700118760632,0.29729217290878296
88,0.16236352771520615,0.9314013038362775,0.8730256472315107,1.8856557047904657e-05,0.00018510726059736205,2035.5514149665833,False,0.43025403873579243,0.3864832093747665,0.24212396688373952,0.5161684839019959,2.3276219951952326,0.7548719485988622,0.29838699102401733
89,0.15959115475416183,0.9306305135999408,0.8716857007571629,1.8628870853133175e-05,0.00018275973741678711,2057.965010166168,False,0.3763898315368912,0.37968739150728387,0.23397021184759864,0.5196845046380888,2.3896399617980153,0.7605118849546151,0.29893991351127625
90,0.1565593714063818,0.9302184496607099,0.8709975821631295,1.840037255975263e-05,0.00018040384121951873,2080.6376037597656,False,0.33430273122182275,0.3522869221424472,0.17698862241180865,0.4850357858942632,2.4887086451517497,0.6884716802170209,0.2987441122531891
91,0.15015246692028913,0.9295142292976379,0.869797238281795,1.8171121474508152e-05,0.0001780401834785498,2102.8258645534515,False,0.31370076299356686,0.35870394028648783,0.16727024584894948,0.4526573635743468,2.519028986624346,0.6849184927196803,0.29960107803344727
92,0.16503658254038203,0.9298977937017169,0.8704754880496434,1.7941177099532044e-05,0.00017566937768138233,2125.457547903061,False,0.2962418849855403,0.364622508306626,0.17938256671714134,0.45954574591376646,2.5243755477013146,0.7085123834467316,0.300646036863327
93,0.15581874644214458,0.9303526112011501,0.8712750673294067,1.7710599116899993e-05,0.0001732920391707967,2147.8374955654144,False,0.3020452177150191,0.3603486329140721,0.15718434614771598,0.42630546675927916,2.5407704366649364,0.6700314816203439,0.3020256757736206
94,0.15432994717901402,0.9310646653175354,0.8724982908793858,1.747944737314059e-05,0.00017090878498513941,2170.345275402069,False,0.32549637962957917,0.3531128308480697,0.17281418107979385,0.4747329869140838,2.501689442317091,0.6850386298379214,0.30033963918685913
95,0.1591740902174603,0.9326527033533368,0.8752961925097874,1.7247781863702165e-05,0.00016852023369817083,2192.798497200012,True,0.3110781760564943,0.35285204721356483,0.18901433939238807,0.5067424415674772,2.4999074920451703,0.7154261486535719,0.30111458897590637
96,0.15583370544693687,0.9327189922332764,0.8754080874579293,1.7015662717380958e-05,0.00016612700525851426,2215.9950003623962,True,0.3136250241281915,0.34967898303731926,0.21333512649576455,0.5876665461374087,2.473039851154797,0.7435029455854403,0.30177032947540283
97,0.16052589375864376,0.9326693075043815,0.8753007139478411,1.678315018071468e-05,0.0001637297208287482,2239.281342983246,False,0.29730528888538876,0.3497094636817346,0.1736120240957427,0.48763803124337124,2.5290826843901613,0.6935986296791238,0.30207306146621704
98,0.16155493801290338,0.9325562374932426,0.8751078929219928,1.6550304602345536e-05,0.00016132900262418354,2262.0676198005676,False,0.28308650619185255,0.3446635898691703,0.1765340398382738,0.4962569639201641,2.540379456829608,0.699185664461609,0.30352169275283813
99,0.15939626883376729,0.9325392842292786,0.8750879849706378,1.631718641735672e-05,0.0001589254737513678,2284.588878631592,False,0.298902567510772,0.3525584001084973,0.19627951577546615,0.5297180215732743,2.504817923726032,0.7268726337123039,0.3041238486766815
100,0.15183448845689948,0.9327579992158073,0.8755020584378924,1.60838561315865e-05,0.00015651975804635763,2306.99258351326,True,0.35161044837784045,0.36267846116261127,0.19608842304456492,0.5008305994965708,2.4523011343796304,0.7152186787276815,0.30444198846817017
101,0.15143704143437473,0.9330860716956002,0.8760995013373238,1.58503743059239e-05,0.00015411247991280189,2330.4497439861298,True,0.31574593878871615,0.36277320165196103,0.2096178302487705,0.5557009583097825,2.47463623066377,0.7466321686128724,0.30341771245002747
102,0.1533988975665786,0.9331352966172355,0.8761928762708392,1.5616801540590137e-05,0.0001517042641598779,2353.6840682029724,True,0.3724431717123804,0.3758091794887015,0.21056827132893974,0.5129464888798541,2.416988559434426,0.7360651920649623,0.30370545387268066
103,0.1572075606747107,0.9333760482924325,0.8766332013266427,1.538319845940983e-05,0.00014929573584012231,2376.861090183258,True,0.31005657046778795,0.360591193785504,0.2117470432163569,0.5501267810575364,2.478196390253631,0.747547995348346,0.3036494255065918
104,0.15189919417554681,0.9337063687188285,0.8771966866084507,1.5149625694076064e-05,0.0001468875200871983,2400.0448837280273,True,0.30488824044510426,0.3548261907136806,0.19771551646242067,0.5278867563151721,2.4973962439131348,0.7287940282178655,0.30360323190689087
105,0.15533815270120446,0.9338241219520569,0.8774203402655465,1.4916143868413464e-05,0.00014448024195364253,2423.347228527069,True,0.2958138300338453,0.3541210161651884,0.199013832875186,0.529999954753787,2.5051723325962265,0.7337491100094616,0.30386778712272644
106,0.15180998011068864,0.9338183062417167,0.8774111611502511,1.4682813582643243e-05,0.0001420745262486323,2446.56108379364,False,0.31301680287088157,0.3671933277775642,0.18651390254753342,0.49528036603534076,2.500469290528275,0.7143507952726843,0.30447715520858765
107,0.1567479886791923,0.9339573213032314,0.8776654771396092,1.4449695397654431e-05,0.00013967099737581662,2469.37148976326,True,0.30191435109000203,0.36022201595515124,0.22613460125466112,0.5826221187112697,2.471951047075873,0.7692900690335085,0.30414697527885437
108,0.15455252270806918,0.9340497766222272,0.8778194785118103,1.421684981928529e-05,0.000137270279171252,2492.659311056137,True,0.2899767299103277,0.3506999724375039,0.17671450617251108,0.49354370979876505,2.5333087639579857,0.7025472583040808,0.30381613969802856
109,0.15550035292452033,0.9341109565326146,0.8779306667191642,1.398433728261901e-05,0.00013487299474148587,2516.0014855861664,True,0.29765131726912264,0.344799938619469,0.18518768795661492,0.5384813622752502,2.517160993234265,0.7094482700188507,0.30424171686172485
110,0.15536194416609678,0.9342375993728638,0.8781396406037467,1.37522181362978e-05,0.00013247976630182927,2539.2803678512573,True,0.35090786393855705,0.364485334533371,0.20994157265021185,0.5543833515491604,2.439150566119762,0.7355626628510045,0.3043725788593292
111,0.14991610145026987,0.9341045362608773,0.8778536915779114,1.352055262685938e-05,0.00013009121501486072,2562.3978941440582,False,0.3782348047222969,0.36502480082361655,0.2619723467127325,0.6348925362628958,2.359792850128111,0.7892547981180388,0.30391231179237366
112,0.15165444829247215,0.9346191457339695,0.8787271891321454,1.3289400883099978e-05,0.00012770796082920343,2585.270080804825,True,0.3727977906074428,0.3710499228951843,0.20883980015061188,0.5442907102131027,2.418362407315052,0.7290933230612173,0.30433592200279236
113,0.1605999620123343,0.9350627149854388,0.8793951102665493,1.3058822900467927e-05,0.0001253306223186178,2608.2999749183655,True,0.33429500449273086,0.35655444772773026,0.21469432701192057,0.5668261985845627,2.4510106697450196,0.7445747375924333,0.30482256412506104
114,0.14966730150309476,0.9350766709872654,0.8793572783470154,1.2828878525491822e-05,0.00012295981652145037,2631.7800319194794,False,0.34432312517075486,0.3573314018680671,0.20243211540938158,0.5477339052192899,2.4532447636778683,0.7264218019527939,0.3035641312599182
115,0.14935872554779053,0.9350397501673017,0.8793391074453082,1.259962744024734e-05,0.00012059615878048141,2654.2186245918274,False,0.3692587236710947,0.36672875712955094,0.19768153587826537,0.5180882896222974,2.433059746514064,0.7185713695343324,0.30349165201187134
116,0.15330958959681015,0.9349914363452366,0.8792815974780491,1.2371129146866799e-05,0.00011824026258321306,2676.6221849918365,False,0.3771093070124574,0.3641797983492783,0.18995135511626288,0.5249710801628148,2.4329393462431383,0.7040561416765364,0.3049930930137634
117,0.14688073193485088,0.9350093177386692,0.8793193612779889,1.2143442952095315e-05,0.00011589273940263811,2699.0611386299133,False,0.4105284447530623,0.3783434908582699,0.17307127408519438,0.4815316492130737,2.4164002726889318,0.6807804919259224,0.3050330877304077
118,0.15268940871412104,0.9346466405051095,0.8787373985563006,1.191662795189778e-05,0.00011355419853853247,2721.7736411094666,False,0.41194850740186206,0.3796761368887393,0.1792658418372874,0.4811508650262562,2.4087856459117343,0.6890796262859398,0.30604925751686096
119,0.14715004590424624,0.9348684123584202,0.879079784665789,1.1690743016120481e-05,0.00011122524695931135,2744.2664642333984,False,0.4108165683455746,0.37578617510209894,0.19809054086840705,0.5027339680562418,2.39109289557227,0.7104751955660571,0.3055726885795593
120,0.14626635245301506,0.9348862511771066,0.8790744543075562,1.1465846773211424e-05,0.00010890648914449039,2767.141261577606,False,0.4164039199420258,0.3690277004534894,0.18684442468981607,0.5116997051686364,2.3967516547500716,0.6944103585968667,0.3045080006122589
121,0.14933412914926356,0.9350168790136065,0.8792466947010585,1.1241997595003344e-05,0.00010659852692779328,2789.5917909145355,False,0.46157949234320944,0.3722490380303067,0.19085463573493588,0.5294510018032618,2.34756587432482,0.6887760801605419,0.3039857745170593
122,0.14952742443843323,0.9350203701428005,0.8792656064033508,1.1019253581563251e-05,0.00010430195934094543,2812.022558927536,False,0.4593673816550335,0.3808346763487401,0.18694696282387868,0.49500242202729605,2.3536856595157394,0.6857331965874534,0.3041408360004425
123,0.14581122235818342,0.9343893527984619,0.8782012036868504,1.079767254611259e-05,0.00010201738245819551,2834.5078575611115,False,0.41401861408242324,0.36480392177174265,0.17606804928271397,0.4954497266708046,2.4099133391750414,0.6780323957168628,0.3048854470252991
124,0.14873933900486339,0.9344749450683594,0.8784766026905605,1.0577312000021797e-05,9.974538924160421e-05,2857.093658208847,False,0.38321261169766685,0.36618882723396734,0.17375868433457212,0.49376328213633836,2.4430287050129667,0.6823046342159652,0.3046857416629791
125,0.14855219796299934,0.9347074372427804,0.8788864612579346,1.0358229137883224e-05,9.748656938714101e-05,2879.5904562473297,False,0.3999412998976141,0.3680554723455758,0.1842312687121787,0.5208252883833691,2.415827434858614,0.693607185438658,0.30438315868377686
126,0.14758554128083315,0.9354650718825204,0.880184965474265,1.014048082266628e-05,9.524150917162837e-05,2901.965579032898,True,0.4070393290671331,0.37064661614791516,0.16867976987605798,0.47566575897911095,2.424280902286242,0.6729978571210351,0.30464237928390503
127,0.1529985108158805,0.936361951487405,0.8817121301378522,9.924123570958653e-06,9.301079130057387e-05,2925.532775402069,True,0.4149418637284387,0.37271800669195326,0.1710040784515036,0.47983795704933024,2.414054060351617,0.6738796242719706,0.30524104833602905
128,0.14743553589690817,0.9367828965187073,0.8824445264680045,9.709213538297404e-06,9.079499475692856e-05,2948.599633693695,True,0.40754150087542396,0.3743427692255269,0.17308493891668536,0.4838984716941178,2.419373556580466,0.6803611400551297,0.30514228343963623
129,0.14469279023734005,0.9366978492055621,0.8823331083570208,9.495806504593816e-06,8.859469465081225e-05,2972.0091841220856,False,0.3951296704866784,0.37239623291643054,0.1688715535096755,0.4842223175843919,2.4359987747357708,0.6773303483118419,0.30512553453445435
130,0.14478401853279635,0.9369174752916608,0.8827194486345563,9.283957859655709e-06,8.641046207024349e-05,2994.597935438156,True,0.42294899499661803,0.370101222986147,0.158787191827968,0.4488000259609533,2.418263814408489,0.6532166305349412,0.3051276206970215
131,0.1459927642887289,0.9370177217892238,0.8828841362680707,9.073722588810992e-06,8.424286393291347e-05,3017.9799818992615,True,0.4187009125530463,0.37744019591779726,0.1717415862674655,0.4692202005795089,2.409557498186484,0.675547166465191,0.3055931031703949
132,0.14848098917440936,0.9372590865407672,0.8832886729921613,8.865155258636258e-06,8.209246283904294e-05,3041.1079597473145,True,0.41655429950507156,0.37654370347087135,0.16043945069417948,0.450078269526371,2.4230062366987783,0.6602893486522556,0.30582672357559204
133,0.14177245524796572,0.9372833626610892,0.8833145499229431,8.658310002794e-06,7.995981692535897e-05,3064.534224510193,True,0.3797449638673985,0.3547571644253413,0.19457580886015632,0.5379251020423512,2.425679230510696,0.7074034929162967,0.3064727187156677
134,0.14273435757918793,0.9371685556003025,0.8831142016819545,8.453240507982201e-06,7.784547972023043e-05,3087.682671546936,False,0.36259114678119286,0.3594458819373289,0.17668737903848233,0.5103229460639704,2.4607214722507615,0.6891520266269053,0.3061104416847229
135,0.1398123873905702,0.9371467403003148,0.8830885972295489,8.249999999999994e-06,7.575000000000007e-05,3110.2372183799744,False,0.36410027378896864,0.3602873784178989,0.19071259609904334,0.5336462072480037,2.445187130999141,0.7092029465326669,0.3057982623577118
136,0.14374442371455107,0.9370436412947518,0.8829102686473301,8.048641229932847e-06,7.367392164654913e-05,3132.6292996406555,False,0.3384164063970494,0.3551963474752702,0.16690788334822473,0.5082301890318429,2.494675710287045,0.6805216223164124,0.30632564425468445
137,0.14727083092386073,0.9368592074939183,0.8825853552137103,7.849216460461066e-06,7.161778350613317e-05,3154.881982088089,False,0.35489979125397086,0.35499090698096647,0.17959074825660243,0.5196474773648402,2.4655094612587845,0.6953391896435674,0.30720290541648865
138,0.1439172782681205,0.9366092596735273,0.8821408067430768,7.65177745229499e-06,6.95821192495243e-05,3177.5954089164734,False,0.369874946033893,0.355828695416051,0.16608199119328382,0.49253392969988186,2.4640430625841048,0.6728085235352509,0.3066122531890869
139,0.14230332144282082,0.9365183115005493,0.8819835696901593,7.4563754507404796e-06,6.756745723349676e-05,3199.8335106372833,False,0.3841690868450767,0.3644928183076463,0.15045703155857848,0.4683075539050155,2.4653738744428444,0.650013555974216,0.30698180198669434
140,0.14543070170012387,0.9365591747420174,0.8820585608482361,7.263061172398237e-06,6.557432036369226e-05,3222.3649830818176,False,0.4008115228650285,0.36939318999926224,0.1753827432882544,0.5112436295390862,2.4238057337694183,0.6846820650969175,0.30668309330940247
141,0.14758477644486862,0.9365776010922023,0.8820963672229222,7.071884792000263e-06,6.360322595889936e-05,3244.85484790802,False,0.4065955253471723,0.3721578414908228,0.18974808526181725,0.5218595347834504,2.4036563881972657,0.7062937670941927,0.3071153163909912
142,0.14598878743973645,0.9365779842649188,0.8820856383868626,6.882895929387044e-06,6.165468561678375e-05,3267.3350694179535,False,0.41620519516468396,0.3739595947719449,0.17088349314801832,0.4934979746818834,2.412911309551633,0.6769025839491474,0.3068479597568512
143,0.1429576352238655,0.9364840473447528,0.8819260852677482,6.696143636628683e-06,5.972920508110272e-05,3289.5709702968597,False,0.4043153773817878,0.3695510064912312,0.19032230015245225,0.537013464893227,2.4053623256221828,0.7039733310642652,0.30732831358909607
144,0.14687677310271696,0.9365564584732056,0.8820292949676514,6.511676385293465e-06,5.78272841104396e-05,3312.308935403824,False,0.40714811093298087,0.37267398356223735,0.17558172549983692,0.5075672500418905,2.417270164235256,0.6844875020346023,0.3071090579032898
145,0.1398446344516494,0.9364955084664481,0.8819264769554138,6.329542053867026e-06,5.5949416348491154e-05,3334.6639976501465,False,0.4166508620314894,0.37547516575093554,0.1702026700352511,0.4806307816852762,2.4131464782232337,0.6757950777588205,0.30677974224090576
146,0.14205950498580933,0.9365483522415161,0.8820141298430306,6.149787915325525e-06,5.409608919594257e-05,3357.0481457710266,False,0.42638755775556564,0.3797096769549154,0.17150048158221248,0.4922498349413176,2.4021119594170757,0.6770704006118753,0.3069279193878174
147,0.1432643554427407,0.9365560923303876,0.8820409859929766,5.972460624865903e-06,5.2267783683962315e-05,3379.4535369873047,False,0.4108231301155551,0.37191410120328117,0.17009810242981102,0.4920497638924461,2.4190787781295775,0.6759484946371768,0.30694150924682617
148,0.14415396479043094,0.9365957805088588,0.8821276681763786,5.797606207796552e-06,5.046497434935073e-05,3401.7832927703857,False,0.41767461066977507,0.36694288954443915,0.17866863368106067,0.5097317100894652,2.4036567603253984,0.6829691037639068,0.307132750749588
149,0.14059341888536106,0.9364815439496722,0.8819547721317836,5.625270047591441e-06,4.8688129111373894e-05,3424.1431124210358,False,0.413326773855374,0.3662202959011197,0.16788031125720274,0.5005551315777149,2.4187929118630187,0.6700153276298301,0.3070124387741089
150,0.1450155954469334,0.9366495013237,0.882240721157619,5.455496874110806e-06,4.693770915031493e-05,3447.0325214862823,False,0.4305256328890296,0.3737863262450708,0.19103201059780142,0.5217046006281613,2.378442354891378,0.6997288361403718,0.30703631043434143
151,0.1433484995907003,0.9366046871457782,0.8821805034364972,5.288330751991554e-06,4.521416878777505e-05,3469.3852367401123,False,0.4030050337139676,0.371618793682643,0.1765749565380833,0.5245407721291788,2.420420014875017,0.686629803209172,0.30770260095596313
152,0.14300266030159864,0.9368683525494167,0.8826239109039307,5.1238150692102415e-06,4.3517955368753926e-05,3491.921469449997,False,0.4002039430788772,0.36856867114219627,0.18483301073936426,0.5093562587226428,2.4149630539977864,0.697419245800102,0.3073391914367676
153,0.14710626019672915,0.9368292604173932,0.8825537988117763,4.961992525821761e-06,4.184950914554166e-05,3514.344564676285,False,0.40109923199495795,0.37125828199191446,0.18023084365455852,0.5148278893100555,2.4186699291493143,0.6913212867085881,0.30751392245292664
154,0.13895623656836423,0.9367246798106602,0.8823763983590263,4.802905122876511e-06,4.020926316345098e-05,3536.734357357025,False,0.414823750284446,0.36470767247142166,0.1913496323132466,0.538835623452299,2.3938266256311196,0.700440245183982,0.30754902958869934
155,0.14080322005532003,0.9367872902325222,0.8824911287852696,4.646594151519031e-06,3.85976431484204e-05,3558.912538290024,False,0.4250747814775405,0.37872671871248315,0.17623471920970443,0.4992253607675884,2.398690505376196,0.6843865655978991,0.30708831548690796
156,0.14438140338117425,0.9369632686887469,0.8827658806528363,4.493100182270892e-06,3.701506739651718e-05,3581.555675268173,False,0.44344998282662296,0.3782916906565709,0.19105958718308785,0.5261239046339871,2.3654904256119855,0.699922981531211,0.30733606219291687
157,0.14075485102154991,0.9370871782302856,0.8829686897141593,4.342463054500596e-06,3.546194666536826e-05,3603.817301273346,False,0.43253076705287463,0.3753253747157703,0.17301787843496963,0.4895062906138327,2.3944513515665613,0.6769302278664087,0.30731824040412903
158,0.14376758337020873,0.9371260489736285,0.8830433658191136,4.194721866083272e-06,3.393868406754826e-05,3626.4595019817352,False,0.4265933888655364,0.3764744984009671,0.15358578573494028,0.4639848881237995,2.41982082425763,0.6514331141252767,0.3073996603488922
159,0.14097483496774327,0.93710971730096,0.8830037372452872,4.049914963252847e-06,3.24456749659518e-05,3648.833408355713,False,0.416088063078705,0.37156050127486184,0.17306126509380346,0.49263105708455174,2.4108506729719283,0.6802850223258202,0.30749794840812683
160,0.1410231575369835,0.9370363780430385,0.8828627978052411,3.908079930649235e-06,3.098330687117663e-05,3671.274744987488,False,0.4265393060509613,0.375827249434354,0.15776637327624032,0.4670315739553164,2.41569432070857,0.658185744324205,0.30749011039733887
161,0.137140114876357,0.9370024374553135,0.8828044789178031,3.769253581563263e-06,2.955195934094539e-05,3693.77069234848,False,0.41143373587125875,0.3690801023386735,0.15629851641797532,0.46354753712112545,2.43226775573745,0.6569222396819463,0.307704895734787
162,0.14064426747235384,0.9369866166796003,0.8827764051301139,3.633471948381792e-06,2.81520038815916e-05,3716.2805349826813,False,0.40850038424869545,0.37177554595903317,0.1578335159200628,0.46374023312419776,2.4336661023278703,0.6611950495201853,0.3079022467136383
163,0.139867304130034,0.936833815915244,0.8825092741421291,3.500770273235478e-06,2.678380385163478e-05,3738.621607065201,False,0.3993572383582676,0.35835253559269425,0.1582181003377646,0.47799379047814083,2.442424657315166,0.6582995478582185,0.30779269337654114
