frame_index,source_filename,dice,iou,precision,recall,specificity,pixel_accuracy
0,cju0qkwl35piu0993l0dewei2.jpg,0.7804051172707889,0.6398888092449169,0.6591449358882006,0.9563388377926422,0.835885474472808,0.8658984375
1,cju0qkwl35piu0993l0dewei2.jpg,0.7821466637678239,0.6422338720914031,0.6582557547952909,0.963485054347826,0.834003884572697,0.8662662760416666
2,cju0qkwl35piu0993l0dewei2.jpg,0.7828535303898808,0.6431876112992773,0.6596742857654464,0.9625966764214047,0.8352004716981132,0.866943359375
3,cju0qkwl35piu0993l0dewei2.jpg,0.782794717173433,0.6431082153666344,0.65927217453505,0.9632760242474916,0.8347886029411765,0.8668033854166667
4,cju0qkwl35piu0993l0dewei2.jpg,0.7828459211294517,0.6431773386126179,0.6592530348810184,0.9634719899665551,0.8347409128745837,0.86681640625
5,cju0qkwl35piu0993l0dewei2.jpg,0.7825450301084967,0.642771231348487,0.658820271392966,0.963485054347826,0.8344200887902331,0.8665787760416667
6,cju0qkwl35piu0993l0dewei2.jpg,0.7827970001433052,0.6431112971587044,0.6592142314396817,0.9634066680602007,0.8347235710321864,0.866787109375
7,cju0qkwl35piu0993l0dewei2.jpg,0.7827642207385549,0.6430670491903346,0.6591555086790969,0.9634327968227425,0.8346758809655938,0.8667578125
8,cju0qkwl35piu0993l0dewei2.jpg,0.7827642207385549,0.6430670491903346,0.6591555086790969,0.9634327968227425,0.8346758809655938,0.8667578125
9,cju0qkwl35piu0993l0dewei2.jpg,0.7827642207385549,0.6430670491903346,0.6591555086790969,0.9634327968227425,0.8346758809655938,0.8667578125
10,cju0qoxqj9q6s0835b43399p4.jpg,0.9491440175534557,0.9032103669845525,0.9383771957086561,0.9601607815203013,0.9783143177125259,0.9736686197916666
11,cju0qoxqj9q6s0835b43399p4.jpg,0.9496393830211339,0.9041079488990793,0.9390054341743661,0.9605169431159052,0.978541805200714,0.9739290364583333
12,cju0qoxqj9q6s0835b43399p4.jpg,0.94918644217041,0.9032872055161847,0.9387884593851475,0.9598173399816832,0.9784761838098904,0.973701171875
13,cju0qoxqj9q6s0835b43399p4.jpg,0.9421865341267412,0.8906925129270654,0.9253099819713749,0.9596901394118246,0.9733577153256571,0.9698600260416667
14,cju0qoxqj9q6s0835b43399p4.jpg,0.9481575507741806,0.9014254477674357,0.9369473422752111,0.9596392591838812,0.9777893465859377,0.97314453125
15,cju0qoxqj9q6s0835b43399p4.jpg,0.9483171490525125,0.9017139988525531,0.93728335548957,0.9596138190699094,0.9779162146081966,0.973232421875
16,cju0qoxqj9q6s0835b43399p4.jpg,0.9482879983910705,0.9016612883948847,0.9372142715165971,0.9596265391268953,0.9778899660518672,0.9732161458333334
17,cju0qoxqj9q6s0835b43399p4.jpg,0.9482879983910705,0.9016612883948847,0.9372142715165971,0.9596265391268953,0.9778899660518672,0.9732161458333334
18,cju0qoxqj9q6s0835b43399p4.jpg,0.9482879983910705,0.9016612883948847,0.9372142715165971,0.9596265391268953,0.9778899660518672,0.9732161458333334
19,cju0qoxqj9q6s0835b43399p4.jpg,0.9482879983910705,0.9016612883948847,0.9372142715165971,0.9596265391268953,0.9778899660518672,0.9732161458333334
20,cju0qx73cjw570799j4n5cjze.jpg,0.9608236017903405,0.9246010623852613,0.9340473629919013,0.9891803316791986,0.9728242438492808,0.9774055989583333
21,cju0qx73cjw570799j4n5cjze.jpg,0.9588526991998196,0.920957772702179,0.9307100740594882,0.9887503341197252,0.9713591947656147,0.97623046875
22,cju0qx73cjw570799j4n5cjze.jpg,0.9584527785443547,0.9202201866611872,0.9298437329253634,0.9888781712320012,0.9709703237125429,0.975986328125
23,cju0qx73cjw570799j4n5cjze.jpg,0.9583786188526667,0.9200834738981878,0.9296733311482575,0.9889130358989855,0.9708934538532148,0.9759407552083333
24,cju0qx73cjw570799j4n5cjze.jpg,0.9528144676948542,0.9098812371838687,0.9182465859731189,0.9900868130207909,0.9657024774703485,0.9725325520833333
25,cju0qx73cjw570799j4n5cjze.jpg,0.9526455854727615,0.9095732755399447,0.917902970361033,0.9901216776877753,0.9655442159952612,0.9724283854166667
26,cju0qx73cjw570799j4n5cjze.jpg,0.9524528217511851,0.9092218866394168,0.9175650787838319,0.9900984345764524,0.9653904762766049,0.9723111979166666
27,cju0qx73cjw570799j4n5cjze.jpg,0.9524528217511851,0.9092218866394168,0.9175650787838319,0.9900984345764524,0.9653904762766049,0.9723111979166666
28,cju0qx73cjw570799j4n5cjze.jpg,0.9524528217511851,0.9092218866394168,0.9175650787838319,0.9900984345764524,0.9653904762766049,0.9723111979166666
29,cju0qx73cjw570799j4n5cjze.jpg,0.9524528217511851,0.9092218866394168,0.9175650787838319,0.9900984345764524,0.9653904762766049,0.9723111979166666
30,cju0roawvklrq0799vmjorwfv.jpg,0.9309801145504859,0.8708725882671643,0.8842333669508878,0.9829454730762698,0.9863625726783432,0.98603515625
31,cju0roawvklrq0799vmjorwfv.jpg,0.9301495417269657,0.8694201460907205,0.8830102274461914,0.9826057414642433,0.986204165391608,0.985859375
32,cju0roawvklrq0799vmjorwfv.jpg,0.9297735200038577,0.8687633294283741,0.8823601195924096,0.9825717683030406,0.9861177614170252,0.9857779947916666
33,cju0roawvklrq0799vmjorwfv.jpg,0.929639034425123,0.8685285285285286,0.882117912587306,0.9825717683030406,0.9860853599265567,0.9857486979166666
34,cju0roawvklrq0799vmjorwfv.jpg,0.9297757775456079,0.8687672714165565,0.8823367907260524,0.9826057414642433,0.9861141612514176,0.9857779947916666
35,cju0roawvklrq0799vmjorwfv.jpg,0.9297907223454528,0.8687933675768226,0.8823637084718875,0.9826057414642433,0.9861177614170252,0.98578125
36,cju0roawvklrq0799vmjorwfv.jpg,0.9310328177560316,0.8709648277523488,0.8846036212380719,0.9826057414642433,0.9864165751624575,0.9860514322916667
37,cju0roawvklrq0799vmjorwfv.jpg,0.9305410234534713,0.8701044582919414,0.8842388644150758,0.9819602514013929,0.9863769733407737,0.9859537760416667
38,cju0roawvklrq0799vmjorwfv.jpg,0.9305627092454288,0.8701423798199934,0.8841953935093139,0.9820621708850008,0.9863697730095584,0.98595703125
39,cju0roawvklrq0799vmjorwfv.jpg,0.9306376060396311,0.8702733622350675,0.8843306412139011,0.9820621708850008,0.9863877738375966,0.9859733072916667
40,cju0rx1idathl0835detmsp84.jpg,0.9450808096657775,0.8958798155585305,0.9681723195627713,0.9230651340996169,0.9979348109517601,0.9931640625
41,cju0rx1idathl0835detmsp84.jpg,0.9432037065958665,0.892512315270936,0.9615241734331051,0.9255683269476372,0.9974793568013907,0.9928971354166667
42,cju0rx1idathl0835detmsp84.jpg,0.9434218073734161,0.8929029710788668,0.963416582352628,0.9242401021711366,0.9976114732724902,0.9929361979166667
43,cju0rx1idathl0835detmsp84.jpg,0.9419908913467795,0.890342893688198,0.960106100795756,0.9245466155810983,0.9973854845719252,0.992744140625
44,cju0rx1idathl0835detmsp84.jpg,0.9424443576727841,0.8911534485304977,0.960828025477707,0.9247509578544061,0.9974341590612777,0.992802734375
45,cju0rx1idathl0835detmsp84.jpg,0.9422661636529205,0.8908348501992424,0.9601272534464476,0.9250574712643678,0.9973854845719252,0.9927766927083334
46,cju0rx1idathl0835detmsp84.jpg,0.9424569077748268,0.8911758912743746,0.9610748234294514,0.9245466155810983,0.9974515428074751,0.9928059895833333
47,cju0rx1idathl0835detmsp84.jpg,0.9419999479586791,0.8903590752582391,0.9599596945269411,0.9246998722860792,0.9973750543242068,0.992744140625
48,cju0rx1idathl0835detmsp84.jpg,0.9485228524951461,0.9020860365305918,0.9750256216624413,0.9234227330779055,0.9983902651021295,0.99361328125
49,cju0rx1idathl0835detmsp84.jpg,0.945271029992417,0.8962217374057914,0.9682344118277266,0.9233716475095786,0.9979382877009996,0.9931868489583333
50,cju0s2a9ekvms080138tjjpxr.jpg,0.9792178279514716,0.9592818671454219,0.9779632476755253,0.9804756312389901,0.9952355324806889,0.9926171875
51,cju0s2a9ekvms080138tjjpxr.jpg,0.9790052212146194,0.9588738762986488,0.9774115667410469,0.9806040810334703,0.9951128593136634,0.9925390625
52,cju0s2a9ekvms080138tjjpxr.jpg,0.9794998212992916,0.9598232726880871,0.9783432494279176,0.9806591309453905,0.9953186336583513,0.9927180989583333
53,cju0s2a9ekvms080138tjjpxr.jpg,0.9795148050425095,0.9598520486946529,0.9780810889929742,0.9809527304756313,0.9952592756743067,0.9927213541666666
54,cju0s2a9ekvms080138tjjpxr.jpg,0.9791355502002144,0.959123956556862,0.97787213792851,0.9804022313564298,0.9952157464860073,0.992587890625
55,cju0s2a9ekvms080138tjjpxr.jpg,0.979144904429417,0.9591419082667624,0.9778725429188477,0.9804205813270699,0.9952157464860073,0.9925911458333333
56,cju0s2a9ekvms080138tjjpxr.jpg,0.9791538764626648,0.9591591268131553,0.9778904405439537,0.9804205813270699,0.9952197036849436,0.9925944010416666
57,cju0s2a9ekvms080138tjjpxr.jpg,0.9791542584871947,0.9591598599766628,0.9778729478943612,0.9804389312977099,0.9952157464860073,0.9925944010416666
58,cju0s2a9ekvms080138tjjpxr.jpg,0.979163230523943,0.9591770788453253,0.9778908451993118,0.9804389312977099,0.9952197036849436,0.99259765625
59,cju0s2a9ekvms080138tjjpxr.jpg,0.9791542584871947,0.9591598599766628,0.9778729478943612,0.9804389312977099,0.9952157464860073,0.9925944010416666
60,cju0s690hkp960855tjuaqvv0.jpg,0.9626330876330876,0.9279581565183065,0.9770365752285952,0.9486481033091203,0.9992566131159011,0.9976236979166667
61,cju0s690hkp960855tjuaqvv0.jpg,0.9626900046061723,0.9280639431616341,0.976939856653163,0.9488498789346247,0.9992532493743441,0.997626953125
62,cju0s690hkp960855tjuaqvv0.jpg,0.9627392773057631,0.928155531431955,0.9770413463536256,0.9488498789346247,0.9992566131159011,0.9976302083333334
63,cju0s690hkp960855tjuaqvv0.jpg,0.9627392773057631,0.928155531431955,0.9770413463536256,0.9488498789346247,0.9992566131159011,0.9976302083333334
64,cju0s690hkp960855tjuaqvv0.jpg,0.9627392773057631,0.928155531431955,0.9770413463536256,0.9488498789346247,0.9992566131159011,0.9976302083333334
65,cju0s690hkp960855tjuaqvv0.jpg,0.9627392773057631,0.928155531431955,0.9770413463536256,0.9488498789346247,0.9992566131159011,0.9976302083333334
66,cju0s690hkp960855tjuaqvv0.jpg,0.9627392773057631,0.928155531431955,0.9770413463536256,0.9488498789346247,0.9992566131159011,0.9976302083333334
67,cju0s690hkp960855tjuaqvv0.jpg,0.9627392773057631,0.928155531431955,0.9770413463536256,0.9488498789346247,0.9992566131159011,0.9976302083333334
68,cju0s690hkp960855tjuaqvv0.jpg,0.9627392773057631,0.928155531431955,0.9770413463536256,0.9488498789346247,0.9992566131159011,0.9976302083333334
69,cju0s690hkp960855tjuaqvv0.jpg,0.9627392773057631,0.928155531431955,0.9770413463536256,0.9488498789346247,0.9992566131159011,0.9976302083333334
70,cju0sr5ghl0nd08789uzf1raf.jpg,0.948466322059248,0.901983780411728,0.9134719870612317,0.9862486698862241,0.9873442518730433,0.9872135416666666
71,cju0sr5ghl0nd08789uzf1raf.jpg,0.9484995998058074,0.9020439741446006,0.9136039633992215,0.986166816730785,0.9873664290017705,0.9872233072916666
72,cju0sr5ghl0nd08789uzf1raf.jpg,0.9491569935395766,0.9032338681461488,0.9148715352487027,0.9861122479604922,0.987569719348436,0.9873958333333334
73,cju0sr5ghl0nd08789uzf1raf.jpg,0.9491569935395766,0.9032338681461488,0.9148715352487027,0.9861122479604922,0.987569719348436,0.9873958333333334
74,cju0sr5ghl0nd08789uzf1raf.jpg,0.9491569935395766,0.9032338681461488,0.9148715352487027,0.9861122479604922,0.987569719348436,0.9873958333333334
75,cju0sr5ghl0nd08789uzf1raf.jpg,0.9491569935395766,0.9032338681461488,0.9148715352487027,0.9861122479604922,0.987569719348436,0.9873958333333334
76,cju0sr5ghl0nd08789uzf1raf.jpg,0.9491569935395766,0.9032338681461488,0.9148715352487027,0.9861122479604922,0.987569719348436,0.9873958333333334
77,cju0sr5ghl0nd08789uzf1raf.jpg,0.9491569935395766,0.9032338681461488,0.9148715352487027,0.9861122479604922,0.987569719348436,0.9873958333333334
78,cju0sr5ghl0nd08789uzf1raf.jpg,0.9491569935395766,0.9032338681461488,0.9148715352487027,0.9861122479604922,0.987569719348436,0.9873958333333334
79,cju0sr5ghl0nd08789uzf1raf.jpg,0.9491569935395766,0.9032338681461488,0.9148715352487027,0.9861122479604922,0.987569719348436,0.9873958333333334
80,cju0sxqiclckk08551ycbwhno.jpg,0.5659978322362333,0.39469803111864904,0.39533938991062856,0.9959065959624152,0.9447699619835993,0.9465592447916666
81,cju0sxqiclckk08551ycbwhno.jpg,0.5693919889355816,0.39800699040678217,0.3986740660732243,0.99581356405247,0.9455390604180792,0.9472981770833333
82,cju0sxqiclckk08551ycbwhno.jpg,0.5828636772032998,0.41129682997118155,0.4120092378752887,0.99581356405247,0.9484704048898469,0.950126953125
83,cju0sxqiclckk08551ycbwhno.jpg,0.5865366174415737,0.4149641403372747,0.4156893203883495,0.99581356405247,0.9492462498018223,0.9508756510416667
84,cju0sxqiclckk08551ycbwhno.jpg,0.5819694415746832,0.41040684075309636,0.4111320247378327,0.9957205321425249,0.9482882499974701,0.9499479166666667
85,cju0sxqiclckk08551ycbwhno.jpg,0.5706061090676475,0.39919445066010295,0.3998655160820352,0.99581356405247,0.9458089195178967,0.94755859375
86,cju0sxqiclckk08551ycbwhno.jpg,0.5787908284663639,0.40725238765648186,0.4079664570230608,0.9957205321425249,0.9476068557704309,0.9492903645833334
87,cju0sxqiclckk08551ycbwhno.jpg,0.5791353281748823,0.4075935869606611,0.4083088543852287,0.9957205321425249,0.9476810670228807,0.9493619791666666
88,cju0sxqiclckk08551ycbwhno.jpg,0.5791980085502463,0.40765568463149876,0.40837117020870695,0.9957205321425249,0.9476945599778716,0.949375
89,cju0sxqiclckk08551ycbwhno.jpg,0.5795429932856834,0.40799756032478174,0.4087142475273991,0.9957205321425249,0.9477687712303213,0.9494466145833333
90,cju0t4oil7vzk099370nun5h9.jpg,0.9803067214715762,0.961374113288568,0.9668077900084674,0.9941879448834324,0.9854357659691068,0.9880533854166667
91,cju0t4oil7vzk099370nun5h9.jpg,0.9802766420929508,0.9613162574847148,0.9666772486772487,0.9942641328718518,0.9853753912744634,0.9880338541666667
92,cju0t4oil7vzk099370nun5h9.jpg,0.9802934785524586,0.9613486409411863,0.9666585543927964,0.99431855286358,0.9853661028599029,0.9880436197916667
93,cju0t4oil7vzk099370nun5h9.jpg,0.9802951700902892,0.9613518945252901,0.9665795626461284,0.994405624850345,0.9853289492016608,0.9880436197916667
94,cju0t4oil7vzk099370nun5h9.jpg,0.9802636167096729,0.9612912050335112,0.966518211342551,0.994405624850345,0.9853010839579792,0.9880240885416667
95,cju0t4oil7vzk099370nun5h9.jpg,0.980247840781074,0.9612608631609957,0.9664875386112639,0.994405624850345,0.9852871513361384,0.9880143229166667
96,cju0t4oil7vzk099370nun5h9.jpg,0.980650221324509,0.9620350559144998,0.9681884719010544,0.9934369489975837,0.9860720223665023,0.9882747395833333
97,cju0t4oil7vzk099370nun5h9.jpg,0.9806337933590833,0.962003436027699,0.9681874595580825,0.9934042970025468,0.9860720223665023,0.9882649739583333
98,cju0t4oil7vzk099370nun5h9.jpg,0.9806700477070529,0.9620732182950869,0.9682891637845064,0.99337164500751,0.9861184644393048,0.9882877604166667
99,cju0t4oil7vzk099370nun5h9.jpg,0.9806645714132216,0.9620626772217947,0.9682888273549975,0.9933607610091644,0.9861184644393048,0.9882845052083333
100,cju0tl3uz8blh0993wxvn7ly3.jpg,0.905982905982906,0.828125,0.852195423623995,0.9670175438596491,0.9992183795274303,0.9990690104166666
101,cju0tl3uz8blh0993wxvn7ly3.jpg,0.9034799737360473,0.8239520958083832,0.8488587291795188,0.9656140350877193,0.9991987572561524,0.99904296875
102,cju0tl3uz8blh0993wxvn7ly3.jpg,0.9026955950032873,0.8226482923906531,0.8491032776747063,0.9635087719298245,0.9992020276346987,0.9990364583333333
103,cju0tl3uz8blh0993wxvn7ly3.jpg,0.9035433070866141,0.8240574506283662,0.8484288354898336,0.9663157894736842,0.9991954868776061,0.99904296875
104,cju0tl3uz8blh0993wxvn7ly3.jpg,0.9035433070866141,0.8240574506283662,0.8484288354898336,0.9663157894736842,0.9991954868776061,0.99904296875
105,cju0tl3uz8blh0993wxvn7ly3.jpg,0.9032469662184323,0.8235645933014354,0.8479064039408867,0.9663157894736842,0.9991922164990598,0.9990397135416667
106,cju0tl3uz8blh0993wxvn7ly3.jpg,0.9032469662184323,0.8235645933014354,0.8479064039408867,0.9663157894736842,0.9991922164990598,0.9990397135416667
107,cju0tl3uz8blh0993wxvn7ly3.jpg,0.9032469662184323,0.8235645933014354,0.8479064039408867,0.9663157894736842,0.9991922164990598,0.9990397135416667
108,cju0tl3uz8blh0993wxvn7ly3.jpg,0.9056480574600065,0.8275656324582339,0.8467643467643468,0.9733333333333334,0.9991791349848745,0.9990592447916666
109,cju0tl3uz8blh0993wxvn7ly3.jpg,0.9038774845226458,0.8246135552913199,0.8436739659367397,0.9733333333333334,0.9991595127135966,0.9990397135416667
110,cju0u2g7pmnux0801vkk47ivj.jpg,0.9877205760212622,0.9757390623816616,0.980292692824714,0.995261883916156,0.9932297021766028,0.9937434895833334
111,cju0u2g7pmnux0801vkk47ivj.jpg,0.9877265728323441,0.9757507668614852,0.9803294905452193,0.9952361332852655,0.993242772249621,0.9937467447916667
112,cju0u2g7pmnux0801vkk47ivj.jpg,0.9877205760212622,0.9757390623816616,0.980292692824714,0.995261883916156,0.9932297021766028,0.9937434895833334
113,cju0u2g7pmnux0801vkk47ivj.jpg,0.9877333537777437,0.9757640019691748,0.980305374489563,0.9952747592316011,0.9932340588676088,0.99375
114,cju0u2g7pmnux0801vkk47ivj.jpg,0.9877458183723278,0.9757883309348885,0.9803424223208624,0.995261883916156,0.993247128940627,0.9937565104166667
115,cju0u2g7pmnux0801vkk47ivj.jpg,0.9877396643261926,0.9757763191113356,0.9803178065514312,0.9952747592316011,0.9932384155586149,0.9937532552083334
116,cju0u2g7pmnux0801vkk47ivj.jpg,0.9877333537777437,0.9757640019691748,0.980305374489563,0.9952747592316011,0.9932340588676088,0.99375
117,cju0u2g7pmnux0801vkk47ivj.jpg,0.9877396643261926,0.9757763191113356,0.9803178065514312,0.9952747592316011,0.9932384155586149,0.9937532552083334
118,cju0u2g7pmnux0801vkk47ivj.jpg,0.9877333537777437,0.9757640019691748,0.980305374489563,0.9952747592316011,0.9932340588676088,0.99375
119,cju0u2g7pmnux0801vkk47ivj.jpg,0.9877396643261926,0.9757763191113356,0.9803178065514312,0.9952747592316011,0.9932384155586149,0.9937532552083334
120,cju0u82z3cuma0835wlxrnrjv.jpg,0.9287168454641274,0.8669200495983611,0.8776128363259291,0.9861404961211787,0.9629299015596717,0.9678580729166667
121,cju0u82z3cuma0835wlxrnrjv.jpg,0.9315393862151867,0.8718518719332014,0.88269199099742,0.9861098335019778,0.9646738905832858,0.9692252604166667
122,cju0u82z3cuma0835wlxrnrjv.jpg,0.9303627212773342,0.869792722995173,0.8804713804713805,0.9862478152883819,0.9639093456321753,0.96865234375
123,cju0u82z3cuma0835wlxrnrjv.jpg,0.9304128370707297,0.8698803326347103,0.8805244932316831,0.9862938092171833,0.963925876333821,0.9686751302083333
124,cju0u82z3cuma0835wlxrnrjv.jpg,0.9296971536343732,0.8686299927084177,0.8792799442325829,0.9862478152883819,0.963500210766446,0.968330078125
125,cju0u82z3cuma0835wlxrnrjv.jpg,0.9304175525375682,0.8698885763738641,0.8805573806395094,0.9862631465979824,0.9639382743600552,0.9686783854166666
126,cju0u82z3cuma0835wlxrnrjv.jpg,0.9303549863689284,0.8697792019902919,0.8804697444601087,0.9862324839787815,0.9639093456321753,0.9686490885416666
127,cju0u82z3cuma0835wlxrnrjv.jpg,0.9304320157359599,0.8699138618815161,0.8805710687691634,0.9862784779075828,0.9639424070354666,0.9686848958333333
128,cju0u82z3cuma0835wlxrnrjv.jpg,0.9303472513486543,0.8697656809854108,0.8804681084040514,0.986217152669181,0.9639093456321753,0.9686458333333333
129,cju0u82z3cuma0835wlxrnrjv.jpg,0.9304242809930504,0.8699003394139363,0.8805694339880912,0.9862631465979824,0.9639424070354666,0.968681640625
130,cju0ue769mxii08019zqgdbxn.jpg,0.9389424700716779,0.8849119332248709,0.8886836683952547,0.9952267303102625,0.9946814648881648,0.9947037760416667
131,cju0ue769mxii08019zqgdbxn.jpg,0.9393597835888188,0.885653560042508,0.8900042716787697,0.9945107398568019,0.9947561348131555,0.99474609375
132,cju0ue769mxii08019zqgdbxn.jpg,0.9385550303848751,0.8842239185750637,0.8879897785349233,0.9952267303102625,0.9946441299256695,0.99466796875
133,cju0ue769mxii08019zqgdbxn.jpg,0.938695880543258,0.8844739819004525,0.8882419767111616,0.9952267303102625,0.9946577062756677,0.9946809895833333
134,cju0ue769mxii08019zqgdbxn.jpg,0.9386606640405177,0.8844114528101803,0.8881789137380192,0.9952267303102625,0.9946543121881682,0.994677734375
135,cju0ue769mxii08019zqgdbxn.jpg,0.9386560612313811,0.8844032805429864,0.8882340410423916,0.9951471758154335,0.9946577062756677,0.994677734375
136,cju0ue769mxii08019zqgdbxn.jpg,0.9386560612313811,0.8844032805429864,0.8882340410423916,0.9951471758154335,0.9946577062756677,0.994677734375
137,cju0ue769mxii08019zqgdbxn.jpg,0.9386560612313811,0.8844032805429864,0.8882340410423916,0.9951471758154335,0.9946577062756677,0.994677734375
138,cju0ue769mxii08019zqgdbxn.jpg,0.9386560612313811,0.8844032805429864,0.8882340410423916,0.9951471758154335,0.9946577062756677,0.994677734375
139,cju0ue769mxii08019zqgdbxn.jpg,0.9386560612313811,0.8844032805429864,0.8882340410423916,0.9951471758154335,0.9946577062756677,0.994677734375
140,cju0vtox5ain6099360pu62rp.jpg,0.9552106071630689,0.914261394413062,0.9279767514923029,0.9840912876894886,0.9968935682974586,0.9963932291666666
141,cju0vtox5ain6099360pu62rp.jpg,0.9587628865979382,0.9207920792079208,0.9350063331222292,0.9837581209395302,0.9972187781594477,0.9966927083333333
142,cju0vtox5ain6099360pu62rp.jpg,0.9564619244153112,0.916556804963164,0.9300440667296191,0.9844244544394469,0.9969884211738721,0.9964973958333333
143,cju0vtox5ain6099360pu62rp.jpg,0.9573432811613007,0.9181768686318736,0.9327591656131479,0.9832583708145927,0.9971171500775761,0.9965755208333333
144,cju0vtox5ain6099360pu62rp.jpg,0.9581418053126144,0.9196470404497892,0.936391826349686,0.9809262035648842,0.9972899178167578,0.996650390625
145,cju0vtox5ain6099360pu62rp.jpg,0.9585350966429298,0.9203719621786356,0.9370673880181398,0.9810094952523738,0.9973204062413192,0.9966829427083334
146,cju0vtox5ain6099360pu62rp.jpg,0.9583823947379106,0.9200904342402744,0.9349599936623624,0.9830084957521239,0.9972187781594477,0.9966634114583334
147,cju0vtox5ain6099360pu62rp.jpg,0.9584890333062551,0.9202870290928945,0.9353892500396385,0.9827586206896551,0.997239103775822,0.9966731770833334
148,cju0vtox5ain6099360pu62rp.jpg,0.9582656706722962,0.91987529228371,0.934737842547125,0.9830084957521239,0.9972086153512605,0.9966536458333334
149,cju0vtox5ain6099360pu62rp.jpg,0.9581878704229926,0.9197319201995012,0.934589800443459,0.9830084957521239,0.9972018401458024,0.9966471354166667
150,cju13cgqmnhwn0988yrainhcp.jpg,0.980931437522593,0.9625764876289574,0.9697718744415986,0.992350825867008,0.9963008316750854,0.99587890625
151,cju13cgqmnhwn0988yrainhcp.jpg,0.9809189620638243,0.9625524620204527,0.9696311072736475,0.9924727250563784,0.9962826091710218,0.9958756510416666
152,cju13cgqmnhwn0988yrainhcp.jpg,0.9809939759036145,0.9626969347639739,0.9697195259929733,0.9925336746510636,0.99629354267346,0.9958919270833333
153,cju13cgqmnhwn0988yrainhcp.jpg,0.9809809206860722,0.9626717895670164,0.9696067633137856,0.9926250990430914,0.9962789646702092,0.995888671875
154,cju13cgqmnhwn0988yrainhcp.jpg,0.9809655753998132,0.962642234372691,0.9696058585377471,0.9925946242457487,0.9962789646702092,0.9958854166666666
155,cju13cgqmnhwn0988yrainhcp.jpg,0.9809655753998132,0.962642234372691,0.9696058585377471,0.9925946242457487,0.9962789646702092,0.9958854166666666
156,cju13cgqmnhwn0988yrainhcp.jpg,0.9808370243152852,0.9623946784922395,0.9698784411869861,0.992046077893582,0.9963154096783363,0.995859375
157,cju13cgqmnhwn0988yrainhcp.jpg,0.9808393335944325,0.9623991250110852,0.9697664720600501,0.9921679770829523,0.9963008316750854,0.995859375
158,cju13cgqmnhwn0988yrainhcp.jpg,0.9808961340283846,0.9625085006356997,0.9699940405244338,0.992046077893582,0.9963299876815872,0.9958723958333333
159,cju13cgqmnhwn0988yrainhcp.jpg,0.9808364469085211,0.9623935666982024,0.969906441809189,0.9920156030962394,0.9963190541791491,0.995859375
160,cju13fwthn9mq0835gacxgy01.jpg,0.9715721522032584,0.9447159120444976,0.9753917990553885,0.9677823042309024,0.9965992070997578,0.993076171875
161,cju13fwthn9mq0835gacxgy01.jpg,0.970958684316085,0.9435565603804474,0.9751833051325437,0.9667705088265836,0.9965732468486109,0.9929296875
162,cju13fwthn9mq0835gacxgy01.jpg,0.9709257228448391,0.9434943078442585,0.9753607222505845,0.9665308730729292,0.9965992070997578,0.9929231770833333
163,cju13fwthn9mq0835gacxgy01.jpg,0.970871449205585,0.9433918128654971,0.9753325272067714,0.9664509944883777,0.9965954984924511,0.99291015625
164,cju13fwthn9mq0835gacxgy01.jpg,0.9708439213588338,0.9433398310591293,0.9753312014618547,0.9663977420986767,0.9965954984924511,0.9929036458333333
165,cju13fwthn9mq0835gacxgy01.jpg,0.9708981971861125,0.9434423246868014,0.9753593980921671,0.9664776206832282,0.9965992070997578,0.9929166666666667
166,cju13fwthn9mq0835gacxgy01.jpg,0.9708852125767322,0.943417803768681,0.9753331900257953,0.9664776206832282,0.9965954984924511,0.9929134114583333
167,cju13fwthn9mq0835gacxgy01.jpg,0.9708852125767322,0.943417803768681,0.9753331900257953,0.9664776206832282,0.9965954984924511,0.9929134114583333
168,cju13fwthn9mq0835gacxgy01.jpg,0.9720361083249749,0.9455936304738116,0.9764630017733354,0.9676491732566499,0.9967512599993325,0.993193359375
169,cju13fwthn9mq0835gacxgy01.jpg,0.9718061202653542,0.9451584369634216,0.9763242052081373,0.9673296589184439,0.996732716962799,0.9931380208333334
170,cju13hp5rnbjx0835bf0jowgx.jpg,0.9737361837774159,0.9488166379688713,0.9707426597582038,0.9767482274433477,0.9969579208987602,0.9950651041666667
171,cju13hp5rnbjx0835bf0jowgx.jpg,0.9731786255336731,0.9477584414713476,0.9641492700231955,0.9823787015153621,0.9962252359676469,0.9949283854166666
172,cju13hp5rnbjx0835bf0jowgx.jpg,0.9685095907272541,0.9389419252187748,0.9530314245340152,0.9844988182955652,0.9949861364517937,0.99400390625
173,cju13hp5rnbjx0835bf0jowgx.jpg,0.9658014851147898,0.9338646992951716,0.9469008816457387,0.9854719866536911,0.9942893674486761,0.9934635416666666
174,cju13hp5rnbjx0835bf0jowgx.jpg,0.9672618031611648,0.9365992331085548,0.9503588917958006,0.9847768663978869,0.9946844426566294,0.9937565104166667
175,cju13hp5rnbjx0835bf0jowgx.jpg,0.966971475365088,0.9360549610252346,0.9496046106420051,0.9849854024746281,0.9945982444294396,0.9936979166666666
176,cju13hp5rnbjx0835bf0jowgx.jpg,0.9670044699218616,0.9361167998942987,0.9496682527980699,0.9849854024746281,0.9946054276150387,0.9937044270833333
177,cju13hp5rnbjx0835bf0jowgx.jpg,0.9670044699218616,0.9361167998942987,0.9496682527980699,0.9849854024746281,0.9946054276150387,0.9937044270833333
178,cju13hp5rnbjx0835bf0jowgx.jpg,0.9670044699218616,0.9361167998942987,0.9496682527980699,0.9849854024746281,0.9946054276150387,0.9937044270833333
179,cju13hp5rnbjx0835bf0jowgx.jpg,0.9670044699218616,0.9361167998942987,0.9496682527980699,0.9849854024746281,0.9946054276150387,0.9937044270833333
180,cju14g8o4xui30878gkgbrvqj.jpg,0.9438751272480489,0.8937154607376944,0.894980694980695,0.9984206748025843,0.9972821289989509,0.9973079427083333
181,cju14g8o4xui30878gkgbrvqj.jpg,0.94528648134303,0.8962495166902952,0.8975219411461022,0.9984206748025843,0.9973554049328026,0.9973795572916667
182,cju14g8o4xui30878gkgbrvqj.jpg,0.9463155746070626,0.8981015110422317,0.8993792033109157,0.9984206748025843,0.9974086965210585,0.997431640625
183,cju14g8o4xui30878gkgbrvqj.jpg,0.9447085993750849,0.895211122554068,0.8964805981693954,0.9984206748025843,0.9973254284144087,0.9973502604166666
184,cju14g8o4xui30878gkgbrvqj.jpg,0.9447085993750849,0.895211122554068,0.8964805981693954,0.9984206748025843,0.9973254284144087,0.9973502604166666
185,cju14g8o4xui30878gkgbrvqj.jpg,0.9447085993750849,0.895211122554068,0.8964805981693954,0.9984206748025843,0.9973254284144087,0.9973502604166666
186,cju14g8o4xui30878gkgbrvqj.jpg,0.9447085993750849,0.895211122554068,0.8964805981693954,0.9984206748025843,0.9973254284144087,0.9973502604166666
187,cju14g8o4xui30878gkgbrvqj.jpg,0.9447085993750849,0.895211122554068,0.8964805981693954,0.9984206748025843,0.9973254284144087,0.9973502604166666
188,cju14g8o4xui30878gkgbrvqj.jpg,0.9447085993750849,0.895211122554068,0.8964805981693954,0.9984206748025843,0.9973254284144087,0.9973502604166666
189,cju14g8o4xui30878gkgbrvqj.jpg,0.9447085993750849,0.895211122554068,0.8964805981693954,0.9984206748025843,0.9973254284144087,0.9973502604166666
190,cju14hjh2ob2o0835ouz3r5aa.jpg,0.9669823629637588,0.9360753662813159,0.9569206464941062,0.9772579193943719,0.9948430550352949,0.992998046875
191,cju14hjh2ob2o0835ouz3r5aa.jpg,0.9669455745758808,0.9360064201640709,0.9570568927789934,0.9770407371784927,0.9948612389032946,0.9929915364583334
192,cju14hjh2ob2o0835ouz3r5aa.jpg,0.9676884074671583,0.9373995356313627,0.9585134230230717,0.9770407371784927,0.9950430775832912,0.993154296875
193,cju14hjh2ob2o0835ouz3r5aa.jpg,0.9677191365137897,0.9374572083469771,0.9585438607171121,0.9770717632093326,0.9950467143568912,0.9931608072916667
194,cju14hjh2ob2o0835ouz3r5aa.jpg,0.967748874514082,0.937513024321991,0.958602215999026,0.9770717632093326,0.995053987904091,0.9931673177083333
195,cju14hjh2ob2o0835ouz3r5aa.jpg,0.967733013736517,0.9374832544431544,0.9586009558308727,0.9770407371784927,0.995053987904091,0.9931640625
196,cju14hjh2ob2o0835ouz3r5aa.jpg,0.967733013736517,0.9374832544431544,0.9586009558308727,0.9770407371784927,0.995053987904091,0.9931640625
197,cju14hjh2ob2o0835ouz3r5aa.jpg,0.967733013736517,0.9374832544431544,0.9586009558308727,0.9770407371784927,0.995053987904091,0.9931640625
198,cju14hjh2ob2o0835ouz3r5aa.jpg,0.967733013736517,0.9374832544431544,0.9586009558308727,0.9770407371784927,0.995053987904091,0.9931640625
199,cju14hjh2ob2o0835ouz3r5aa.jpg,0.967733013736517,0.9374832544431544,0.9586009558308727,0.9770407371784927,0.995053987904091,0.9931640625
200,cju14pxbaoksp0835qzorx6g6.jpg,0.8978432799042501,0.8146239672940976,0.8230712964158169,0.9875580795043882,0.9857137893895702,0.985830078125
201,cju14pxbaoksp0835qzorx6g6.jpg,0.895773328650041,0.8112223258970227,0.819670023569745,0.9874548270521425,0.9853802591807664,0.9855110677083333
202,cju14pxbaoksp0835qzorx6g6.jpg,0.8938516165202766,0.8080756884608886,0.8162812526666098,0.9877129581827568,0.9850397804259459,0.9852083333333334
203,cju14pxbaoksp0835qzorx6g6.jpg,0.8927829759432532,0.8063306077720644,0.8145357006003321,0.987661331956634,0.9848660667755272,0.9850423177083333
204,cju14pxbaoksp0835qzorx6g6.jpg,0.8915713187146086,0.8043560526426439,0.8125557490549208,0.9876097057305111,0.9846680332140499,0.984853515625
205,cju14pxbaoksp0835qzorx6g6.jpg,0.893063853622106,0.8067889521399958,0.8149331288866173,0.9877645844088797,0.9849042837786193,0.9850846354166667
206,cju14pxbaoksp0835qzorx6g6.jpg,0.891981351981352,0.8050237724576093,0.8131321716957076,0.9877645844088797,0.984723621582184,0.9849153645833333
207,cju14pxbaoksp0835qzorx6g6.jpg,0.8915449313855688,0.8043130990415336,0.8124071164706382,0.9877645844088797,0.9846506618490081,0.9848470052083333
208,cju14pxbaoksp0835qzorx6g6.jpg,0.8923973880597015,0.8057017728555186,0.8138239047213951,0.9877645844088797,0.9847931070423513,0.98498046875
209,cju14pxbaoksp0835qzorx6g6.jpg,0.8923973880597015,0.8057017728555186,0.8138239047213951,0.9877645844088797,0.9847931070423513,0.98498046875
210,cju15czxqp3lv0835jvhgzurz.jpg,0.9437969749155619,0.8935753377908667,0.8993842709207949,0.9928238400179755,0.9664861520729516,0.9725911458333333
211,cju15czxqp3lv0835jvhgzurz.jpg,0.9438004284541615,0.8935815293627024,0.8992407767731105,0.9930064037748567,0.9664268280280688,0.972587890625
212,cju15czxqp3lv0835jvhgzurz.jpg,0.9437298177257079,0.8934549451104739,0.898939956276374,0.9932170542635659,0.966308179938303,0.9725455729166667
213,cju15czxqp3lv0835jvhgzurz.jpg,0.943530635930684,0.8930979619668157,0.898544096348807,0.9932591843613077,0.9661598698260958,0.97244140625
214,cju15czxqp3lv0835jvhgzurz.jpg,0.9436517307397253,0.8933149778344721,0.8987407718014206,0.9932872710931356,0.9662319061663107,0.9725032552083334
215,cju15czxqp3lv0835jvhgzurz.jpg,0.9436305902444231,0.8932770880432449,0.898736911660059,0.9932451409953937,0.9662319061663107,0.9724934895833334
216,cju15czxqp3lv0835jvhgzurz.jpg,0.9442270450751252,0.8943466875814348,0.9001425988643019,0.9928519267498034,0.9667658225702567,0.9728125
217,cju15czxqp3lv0835jvhgzurz.jpg,0.9438299747017949,0.893634502110878,0.8994211564149863,0.9928519267498034,0.9664988643682837,0.972607421875
218,cju15czxqp3lv0835jvhgzurz.jpg,0.9438193248708605,0.8936154079466181,0.8992750858450973,0.9930064037748567,0.9664395403234008,0.97259765625
219,cju15czxqp3lv0835jvhgzurz.jpg,0.9437918791211725,0.8935662020245422,0.8992598056671923,0.9929642736771149,0.9664353028916235,0.9725846354166666
220,cju15jr8jz8sb0855ukmkswkz.jpg,0.9899023401510963,0.9800065671859608,0.9902672811059908,0.9895376680788359,0.9964919274466812,0.9946484375
221,cju15jr8jz8sb0855ukmkswkz.jpg,0.9897636924438109,0.979734825447026,0.9904696319433343,0.9890587585190643,0.9965672269838106,0.9945768229166667
222,cju15jr8jz8sb0855ukmkswkz.jpg,0.9899269086665439,0.9800547278808148,0.9902918586789554,0.9895622275434396,0.9965007862157553,0.9946614583333333
223,cju15jr8jz8sb0855ukmkswkz.jpg,0.9899688561547487,0.9801369613078224,0.990437326384621,0.9895008288819304,0.9965539388301995,0.9946842447916666
224,cju15jr8jz8sb0855ukmkswkz.jpg,0.9899194663030058,0.9800401386608283,0.9904122722914669,0.9894271504881194,0.9965450800611255,0.994658203125
225,cju15jr8jz8sb0855ukmkswkz.jpg,0.989931628446989,0.9800639801491249,0.9904366211033533,0.9894271504881194,0.9965539388301995,0.9946647135416666
226,cju15jr8jz8sb0855ukmkswkz.jpg,0.9899006032608028,0.9800031625168769,0.9904360332894883,0.9893657518266101,0.9965539388301995,0.9946484375
227,cju15jr8jz8sb0855ukmkswkz.jpg,0.989913633180584,0.980028704176701,0.9903759879054561,0.989451709952723,0.9965317919075144,0.9946549479166666
228,cju15jr8jz8sb0855ukmkswkz.jpg,0.9900493845360064,0.9802948474675229,0.9904509088227703,0.9896481856695524,0.9965583682147365,0.9947265625
229,cju15jr8jz8sb0855ukmkswkz.jpg,0.990185601454349,0.98056197542878,0.9904775947018566,0.9898937803155892,0.9965672269838106,0.9947981770833333
230,cju15l5ubz9yh0855b3ivdpse.jpg,0.7479224376731302,0.5973451327433629,0.6487265737626141,0.8829300196206671,0.9852831632139478,0.9822265625
231,cju15l5ubz9yh0855b3ivdpse.jpg,0.7438667154888319,0.5921877277364815,0.6411551207195834,0.8857641159799433,0.984739586479032,0.9817838541666667
232,cju15l5ubz9yh0855b3ivdpse.jpg,0.7491208587821581,0.5988754901235481,0.6508281074127673,0.882385001090037,0.9854274459275365,0.9823502604166666
233,cju15l5ubz9yh0855b3ivdpse.jpg,0.7519138866979075,0.602453531598513,0.6545762985701591,0.8832570307390452,0.9856522585277795,0.9825944010416666
234,cju15l5ubz9yh0855b3ivdpse.jpg,0.7501504559974075,0.6001926068597674,0.6519674901424318,0.8831480270329192,0.9854878433425271,0.982431640625
235,cju15l5ubz9yh0855b3ivdpse.jpg,0.7500809772800888,0.6001036576336443,0.6516844898287368,0.8834750381512971,0.9854643554589196,0.9824186197916667
236,cju15l5ubz9yh0855b3ivdpse.jpg,0.7498843342278153,0.5998519615099926,0.6514469453376206,0.8833660344451711,0.985450933811144,0.98240234375
237,cju15l5ubz9yh0855b3ivdpse.jpg,0.7501504002961729,0.6001925355450237,0.6517893043827905,0.8834750381512971,0.9854710662828076,0.9824251302083333
238,cju15l5ubz9yh0855b3ivdpse.jpg,0.7497802655317574,0.5997187893139939,0.6512898818612874,0.8833660344451711,0.9854408675753122,0.982392578125
239,cju15l5ubz9yh0855b3ivdpse.jpg,0.75058986814712,0.6007553876916241,0.6520376175548589,0.8842380640941792,0.9854744216947514,0.982451171875
240,cju15mhjczc8z0801kit5c6di.jpg,0.932926919055823,0.8742858719951425,0.9762998120011095,0.8932438529212723,0.997170047398946,0.9851725260416667
241,cju15mhjczc8z0801kit5c6di.jpg,0.9322642094537722,0.8731225624429508,0.9786389707022167,0.890085720730882,0.9974644507904731,0.985068359375
242,cju15mhjczc8z0801kit5c6di.jpg,0.931976606805293,0.8726181586880168,0.978448275862069,0.889719151815926,0.9974423705361086,0.9850065104166666
243,cju15mhjczc8z0801kit5c6di.jpg,0.9320514524537385,0.8727493984567304,0.978510961580204,0.8898037446424544,0.9974497306208967,0.9850227864583333
244,cju15mhjczc8z0801kit5c6di.jpg,0.9319981094174643,0.8726558610388891,0.9785980148883374,0.8896345589893977,0.997460770748079,0.9850130208333333
245,cju15mhjczc8z0801kit5c6di.jpg,0.9318010605769657,0.8723104153990818,0.9784706064836358,0.8893807805098127,0.9974460505785027,0.984970703125
246,cju15mhjczc8z0801kit5c6di.jpg,0.9320138837604313,0.8726835204956574,0.9785986787010329,0.8896627565982405,0.997460770748079,0.9850162760416666
247,cju15mhjczc8z0801kit5c6di.jpg,0.9318168389955687,0.8723380717960064,0.9784712743516565,0.8894089781186555,0.9974460505785027,0.9849739583333333
248,cju15mhjczc8z0801kit5c6di.jpg,0.9318641714547361,0.8724210409867802,0.9784732777071249,0.8894935709451839,0.9974460505785027,0.9849837239583333
249,cju15mhjczc8z0801kit5c6di.jpg,0.9318168389955687,0.8723380717960064,0.9784712743516565,0.8894089781186555,0.9974460505785027,0.9849739583333333
250,cju15ptjtppz40988odsm9azx.jpg,0.9301665459811731,0.8694498592159411,0.8708645189283003,0.9981351401752968,0.9918210454359647,0.9921516927083334
251,cju15ptjtppz40988odsm9azx.jpg,0.9303780964797914,0.8698196001950268,0.8712828304753636,0.99807297818114,0.9918519612659001,0.992177734375
252,cju15ptjtppz40988odsm9azx.jpg,0.9273504273504274,0.8645418326693227,0.8658937719061742,0.9981973021694536,0.9914569256611694,0.9918098958333333
253,cju15ptjtppz40988odsm9azx.jpg,0.9271137026239067,0.8641304347826086,0.8654343608536322,0.9982594641636103,0.9914225747390188,0.9917805989583334
254,cju15ptjtppz40988odsm9azx.jpg,0.9269531588213225,0.8638515330823023,0.8651546169593793,0.9982594641636103,0.9914019641857286,0.9917610677083334
255,cju15ptjtppz40988odsm9azx.jpg,0.9269531588213225,0.8638515330823023,0.8651546169593793,0.9982594641636103,0.9914019641857286,0.9917610677083334
256,cju15ptjtppz40988odsm9azx.jpg,0.9269531588213225,0.8638515330823023,0.8651546169593793,0.9982594641636103,0.9914019641857286,0.9917610677083334
257,cju15ptjtppz40988odsm9azx.jpg,0.9269531588213225,0.8638515330823023,0.8651546169593793,0.9982594641636103,0.9914019641857286,0.9917610677083334
258,cju15ptjtppz40988odsm9azx.jpg,0.9269531588213225,0.8638515330823023,0.8651546169593793,0.9982594641636103,0.9914019641857286,0.9917610677083334
259,cju15ptjtppz40988odsm9azx.jpg,0.9269531588213225,0.8638515330823023,0.8651546169593793,0.9982594641636103,0.9914019641857286,0.9917610677083334
260,cju15wdt3zla10801odjiw7sy.jpg,0.9749314098592796,0.9510889507651795,0.9550262256708136,0.9956840059655624,0.9921086458816639,0.9926236979166667
261,cju15wdt3zla10801odjiw7sy.jpg,0.974736748960269,0.9507185086091572,0.9546734844217186,0.995661409138157,0.9920439938238269,0.9925651041666667
262,cju15wdt3zla10801odjiw7sy.jpg,0.9746696887611256,0.9505909247757074,0.9542335086921695,0.9960003615492384,0.9919603264548614,0.9925423177083333
263,cju15wdt3zla10801odjiw7sy.jpg,0.9746787854662863,0.9506082305236822,0.9543131820543911,0.9959325710670222,0.9919755387037643,0.9925455729166667
264,cju15wdt3zla10801odjiw7sy.jpg,0.9753090518720188,0.95180800967728,0.9557512526299807,0.9956840059655624,0.9922417530595635,0.9927376302083334
265,cju15wdt3zla10801odjiw7sy.jpg,0.974929191007258,0.9510847274689692,0.9551051376544548,0.9955936186559408,0.9921238581305667,0.9926236979166667
266,cju15wdt3zla10801odjiw7sy.jpg,0.9746748650800673,0.950600772267403,0.9544509421702404,0.9957743932751841,0.9920021601393442,0.9925455729166667
267,cju15wdt3zla10801odjiw7sy.jpg,0.9744933496965074,0.950255514586972,0.9540406555105752,0.9958421837574004,0.9919260988948301,0.992490234375
268,cju15wdt3zla10801odjiw7sy.jpg,0.9745460978792101,0.9503558335130472,0.954183266932271,0.9957969901025896,0.99195272033041,0.9925065104166667
269,cju15wdt3zla10801odjiw7sy.jpg,0.9744825756235627,0.9502350252274785,0.95402000259774,0.9958421837574004,0.9919222958326044,0.9924869791666666
270,cju160wshltz10993i1gmqxbe.jpg,0.9171140500196412,0.8469165659008464,0.8478392446435056,0.9987166690432054,0.9958126101396796,0.99587890625
271,cju160wshltz10993i1gmqxbe.jpg,0.9167539267015706,0.8463025616239729,0.8472239022620056,0.9987166690432054,0.9957926225985803,0.995859375
272,cju160wshltz10993i1gmqxbe.jpg,0.9183981123418758,0.8491091988849836,0.8498301795245027,0.999001853700271,0.9958759040198276,0.995947265625
273,cju160wshltz10993i1gmqxbe.jpg,0.9185185185185185,0.8493150684931506,0.850036398932298,0.999001853700271,0.9958825665335275,0.9959537760416667
274,cju160wshltz10993i1gmqxbe.jpg,0.9184583114840063,0.8492121212121212,0.8499332767196409,0.999001853700271,0.9958792352766775,0.9959505208333334
275,cju160wshltz10993i1gmqxbe.jpg,0.9184689998689213,0.8492303963155982,0.8498483929654336,0.9991444460288037,0.9958759040198276,0.9959505208333334
276,cju160wshltz10993i1gmqxbe.jpg,0.9158768546963854,0.8448088749547812,0.8455225681873039,0.999001853700271,0.995735991232132,0.995810546875
277,cju160wshltz10993i1gmqxbe.jpg,0.9174251849911597,0.8474473747882894,0.8482683458464519,0.9988592613717382,0.9958259351670792,0.9958951822916666
278,cju160wshltz10993i1gmqxbe.jpg,0.9159477124183006,0.844929458579525,0.8455412091227223,0.9991444460288037,0.995735991232132,0.9958138020833334
279,cju160wshltz10993i1gmqxbe.jpg,0.9164868223137793,0.8458474167069049,0.8464604977047596,0.9991444460288037,0.9957659725437811,0.9958430989583333
280,cju16ach3m1da0993r1dq3sn2.jpg,0.9812878939073822,0.9632632105170713,0.9676692545740812,0.9952953330262038,0.989888312978363,0.9911490885416666
281,cju16ach3m1da0993r1dq3sn2.jpg,0.9813284148078816,0.9633413055521775,0.9677480656983847,0.9952953330262038,0.98991378322275,0.9911686197916667
282,cju16ach3m1da0993r1dq3sn2.jpg,0.9813351686166552,0.9633543226224901,0.9677612021338691,0.9952953330262038,0.9899180282634812,0.991171875
283,cju16ach3m1da0993r1dq3sn2.jpg,0.9813351686166552,0.9633543226224901,0.9677612021338691,0.9952953330262038,0.9899180282634812,0.991171875
284,cju16ach3m1da0993r1dq3sn2.jpg,0.9813351686166552,0.9633543226224901,0.9677612021338691,0.9952953330262038,0.9899180282634812,0.991171875
285,cju16ach3m1da0993r1dq3sn2.jpg,0.9813351686166552,0.9633543226224901,0.9677612021338691,0.9952953330262038,0.9899180282634812,0.991171875
286,cju16ach3m1da0993r1dq3sn2.jpg,0.9813351686166552,0.9633543226224901,0.9677612021338691,0.9952953330262038,0.9899180282634812,0.991171875
287,cju16ach3m1da0993r1dq3sn2.jpg,0.9813351686166552,0.9633543226224901,0.9677612021338691,0.9952953330262038,0.9899180282634812,0.991171875
288,cju16ach3m1da0993r1dq3sn2.jpg,0.9813138786606559,0.9633132896425917,0.9677725890529973,0.9952394912817076,0.9899222733042123,0.991162109375
289,cju16ach3m1da0993r1dq3sn2.jpg,0.9813003709643007,0.9632872566108611,0.9677463144462846,0.9952394912817076,0.98991378322275,0.9911555989583334
290,cju16b6ynq8e40988m8vx0xnj.jpg,0.9488341253177147,0.9026492851135408,0.9649359406608227,0.9332608695652174,0.9994844679444812,0.9984928385416667
291,cju16b6ynq8e40988m8vx0xnj.jpg,0.9500275785990072,0.9048119352805211,0.9643896976483762,0.9360869565217391,0.9994745538664904,0.998525390625
292,cju16b6ynq8e40988m8vx0xnj.jpg,0.9506172839506173,0.9058823529411765,0.964221824686941,0.9373913043478261,0.9994712491738268,0.9985416666666667
293,cju16b6ynq8e40988m8vx0xnj.jpg,0.9507329438994819,0.9060924369747899,0.9642298233847529,0.9376086956521739,0.9994712491738268,0.998544921875
294,cju16b6ynq8e40988m8vx0xnj.jpg,0.9506172839506173,0.9058823529411765,0.964221824686941,0.9373913043478261,0.9994712491738268,0.9985416666666667
295,cju16b6ynq8e40988m8vx0xnj.jpg,0.9506172839506173,0.9058823529411765,0.964221824686941,0.9373913043478261,0.9994712491738268,0.9985416666666667
296,cju16b6ynq8e40988m8vx0xnj.jpg,0.9505015985007166,0.905672268907563,0.9642138224110938,0.9371739130434783,0.9994712491738268,0.9985384114583333
297,cju16b6ynq8e40988m8vx0xnj.jpg,0.9505015985007166,0.905672268907563,0.9642138224110938,0.9371739130434783,0.9994712491738268,0.9985384114583333
298,cju16b6ynq8e40988m8vx0xnj.jpg,0.9505015985007166,0.905672268907563,0.9642138224110938,0.9371739130434783,0.9994712491738268,0.9985384114583333
299,cju16b6ynq8e40988m8vx0xnj.jpg,0.9505015985007166,0.905672268907563,0.9642138224110938,0.9371739130434783,0.9994712491738268,0.9985384114583333
